date,A 固定手数,B 波动定手数,C 波动定手数+金额止损
20190102,1.0,1.0,1.0
20190103,1.0,1.0,1.0
20190104,1.0,1.0,1.0
20190107,1.0,1.0,1.0
20190108,1.0,1.0,1.0
20190109,1.0,1.0,1.0
20190110,1.0,1.0,1.0
20190111,1.0,1.0,1.0
20190114,1.0,1.0,1.0
20190115,1.0,1.0,1.0
20190116,1.0,1.0,1.0
20190117,1.0,1.0,1.0
20190118,1.0,1.0,1.0
20190121,1.0,1.0,1.0
20190122,1.0,1.0,1.0
20190123,1.0,1.0,1.0
20190124,1.0,1.0,1.0
20190125,1.0,1.0,1.0
20190128,1.0,1.0,1.0
20190129,1.0,1.0,1.0
20190130,1.0,1.0,1.0
20190131,1.0,1.0,1.0
20190201,1.0,1.0,1.0
20190211,1.0,1.0,1.0
20190212,1.0,1.0,1.0
20190213,1.0,1.0,1.0
20190214,1.0,1.0,1.0
20190215,1.0,1.0,1.0375151241678215
20190218,1.0,1.0,1.0573328943354046
20190219,1.0,1.0,1.0604880124354066
20190220,1.0,1.0,1.0604880124354066
20190221,1.0,1.0,1.0604880124354066
20190222,1.0,1.0,1.0604880124354066
20190225,1.0,1.0,1.0604880124354066
20190226,1.0,1.0,1.0604880124354066
20190227,1.0,1.0,1.0604880124354066
20190228,1.0,1.0,1.0604880124354066
20190301,1.0,1.0,1.0604880124354066
20190304,1.0,1.0,1.0604880124354066
20190305,1.0,1.0,1.0604880124354066
20190306,1.0,1.0,1.0604880124354066
20190307,1.0,1.0,1.0604880124354066
20190308,1.0,1.0,1.0604880124354066
20190311,1.0,1.0,1.0604880124354066
20190312,1.0,1.0,1.0604880124354066
20190313,1.0,1.0,1.0604880124354066
20190314,1.0,1.0,1.0604880124354066
20190315,1.0,1.0,1.0604880124354066
20190318,1.0,1.0,1.0604880124354066
20190319,1.0,1.0,1.0604880124354066
20190320,1.0,1.0,1.0604880124354066
20190321,1.0,1.0,1.0604880124354066
20190322,1.0,1.0,1.0604880124354066
20190325,1.0,1.0,1.0604880124354066
20190326,1.0,1.0,1.0604880124354066
20190327,1.0,1.0,1.0604880124354066
20190328,1.0,1.0,1.043798266447872
20190329,1.0,1.0,1.0300805737229415
20190401,1.0,1.0,1.0333005831630746
20190402,1.0,1.0,1.016405902150112
20190403,1.0,1.0,1.0145391453307455
20190404,1.0,1.0,1.0147248622924918
20190408,1.0,1.0,1.0152803779267483
20190409,1.0,1.0,1.011215298135811
20190410,1.0,1.0,1.0103065485588196
20190411,1.0,1.0,1.0006073025310525
20190412,1.0,1.0,0.9868183962319782
20190415,1.0,1.0,0.9805304881521091
20190416,1.0,1.0,0.9695760384284969
20190417,1.0010235242269347,1.0011824967578837,0.9730951831566103
20190418,0.9893197696624704,0.9876609293505417,0.9606015427454946
20190419,0.9998322857404361,0.9998062365667895,0.9614364222184187
20190422,1.0129246492898902,1.014932090008118,0.9614364222184187
20190423,1.008540530322438,1.0098670350453114,0.9614364222184187
20190424,1.0061786231611354,1.0071382793528088,0.9614364222184187
20190425,1.0157598952024562,1.0182077028477408,0.9614364222184187
20190426,0.984361674551899,0.9819327489721563,0.9614364222184187
20190429,0.9914809871110783,0.9901578244496584,0.9614364222184187
20190430,0.9775646200451803,0.9740799842736357,0.9614364222184187
20190506,1.0014690025153,1.001697166189087,0.9614364222184187
20190507,1.0109512874801179,1.0126522280558754,0.9614364222184187
20190508,1.040302055521174,1.0465617214871024,0.9614364222184187
20190509,1.0560266594025007,1.0647286516088845,0.9614364222184187
20190510,1.0521857550213687,1.0602911826574832,0.9614364222184187
20190513,1.0589493186362442,1.0681052546998058,0.9614364222184187
20190514,1.0669977029909086,1.0774037042676237,0.9614364222184187
20190515,1.0672735781811673,1.0777224280549818,0.9614364222184187
20190516,1.0672735781811673,1.0777224280549818,0.9614364222184187
20190517,1.0672735781811673,1.0777224280549818,0.9614364222184187
20190520,1.0672735781811673,1.0777224280549818,0.9614364222184187
20190521,1.0672735781811673,1.0777224280549818,0.9614364222184187
20190522,1.0672735781811673,1.0777224280549818,0.9614364222184187
20190523,1.0672735781811673,1.0777224280549818,0.9614364222184187
20190524,1.0672735781811673,1.0777224280549818,0.9614364222184187
20190527,1.0672735781811673,1.0777224280549818,0.9614364222184187
20190528,1.0672735781811673,1.0777224280549818,0.9614364222184187
20190529,1.0672735781811673,1.0777224280549818,0.9614364222184187
20190530,1.0672735781811673,1.0777224280549818,0.9614364222184187
20190531,1.0672735781811673,1.0777224280549818,0.9614364222184187
20190603,1.0672735781811673,1.0777224280549818,0.9614364222184187
20190604,1.0672735781811673,1.0777224280549818,0.9614364222184187
20190605,1.0672735781811673,1.0777224280549818,0.9614364222184187
20190606,1.0672735781811673,1.0777224280549818,0.9614364222184187
20190610,1.0672735781811673,1.0777224280549818,0.9614364222184187
20190611,1.0672735781811673,1.0777224280549818,0.9614364222184187
20190612,1.0672735781811673,1.0777224280549818,0.9614364222184187
20190613,1.0672735781811673,1.0777224280549818,0.9614364222184187
20190614,1.0672735781811673,1.0777224280549818,0.9614364222184187
20190617,1.0672735781811673,1.0777224280549818,0.9614364222184187
20190618,1.0672735781811673,1.0777224280549818,0.9614364222184187
20190619,1.0672735781811673,1.0777224280549818,0.9614364222184187
20190620,1.0672735781811673,1.0777224280549818,0.9614364222184187
20190621,1.0672735781811673,1.0777224280549818,0.9614364222184187
20190624,1.0672735781811673,1.0777224280549818,0.9614364222184187
20190625,1.0672735781811673,1.0777224280549818,0.9614364222184187
20190626,1.0672735781811673,1.0777224280549818,0.9614364222184187
20190627,1.0672735781811673,1.0777224280549818,0.9472635456236925
20190628,1.0672735781811673,1.0777224280549818,0.9100754891710738
20190701,1.0596436836378922,1.0675113018073945,0.9102001371343961
20190702,1.044038190504309,1.0466263918470966,0.9102001371343961
20190703,1.0370394610428881,1.0372599570034768,0.9102001371343961
20190704,1.0406362210814455,1.0420735190557016,0.9102001371343961
20190705,1.0334732610199346,1.0324872935738596,0.9102001371343961
20190708,1.0225559546532503,1.0178766075464811,0.9102001371343961
20190709,1.004678277493555,0.99395082227437,0.9102001371343961
20190710,1.0086106048826726,0.9992134757998391,0.9102001371343961
20190711,1.0133409050020217,1.005544060244184,0.9102001371343961
20190712,1.025556367389419,1.0218920750041396,0.9102001371343961
20190715,0.9969617331213113,0.9836237321248034,0.9102001371343961
20190716,0.9780244386602389,0.9582798556881131,0.9102001371343961
20190717,0.9884442735199372,0.9722247730952831,0.9102001371343961
20190718,0.9833725937796073,0.9654373185869526,0.9102001371343961
20190719,0.9967991185411447,0.9834061042141734,0.9102001371343961
20190722,0.9919106508125524,0.9768638432627548,0.9102001371343961
20190723,0.9499898034423742,0.9207609623546557,0.9102001371343961
20190724,0.9689252850921711,0.9461024126968971,0.9102001371343961
20190725,0.9665240249108279,0.9428887941172523,0.9102001371343961
20190726,0.9314346730751314,0.8959285380471207,0.9102001371343961
20190729,0.9344494513236036,0.899963230942157,0.9102001371343961
20190730,0.9384177052918575,0.9052739651892042,0.9102001371343961
20190731,0.9541406185319892,0.9263160190687494,0.9102001371343961
20190801,0.9381364117119108,0.9048975085761828,0.9102001371343961
20190802,0.9598622599687198,0.9339733205848465,0.9102001371343961
20190805,0.9571937024384316,0.9304019766185346,0.9102001371343961
20190806,0.9642932675171298,0.9399033602759855,0.9102001371343961
20190807,0.9781255697152084,0.9584151998876937,0.9102001371343961
20190808,0.9909259454495457,0.9755460071221229,0.9102001371343961
20190809,0.9763811033184967,0.9560805717338622,0.9102001371343961
20190812,0.9694634293247814,0.9468226138304026,0.9102001371343961
20190813,0.9803696923648785,0.9614185205182585,0.9102001371343961
20190814,0.9712929141672997,0.9492710225979217,0.9102001371343961
20190815,0.9672038913866882,0.9437986628417984,0.9102001371343961
20190816,0.9509416755928242,0.9220348576417633,0.9102001371343961
20190819,0.958967140489634,0.9327753776833061,0.9102001371343961
20190820,0.9423095247817913,0.9104824067894306,0.9102001371343961
20190821,0.9214892041488536,0.8826184669548294,0.9102001371343961
20190822,0.9444363198729233,0.913328707358216,0.9102001371343961
20190823,0.9720053606278425,0.9502244932798541,0.9102001371343961
20190826,0.9562158038407015,0.9290932500061122,0.9102001371343961
20190827,0.9523544788715921,0.9239256193765004,0.9102001371343961
20190828,0.9875326683940882,0.9710047673697522,0.9102001371343961
20190829,0.9935827431769797,0.9791016128851202,0.9102001371343961
20190830,0.9679164214015119,0.9447522453448453,0.9102001371343961
20190902,0.99836709131625,0.9855045300664012,0.9102001371343961
20190903,1.0016883898267452,0.9899494405699785,0.9102001371343961
20190904,0.9922015774739376,0.9772531918771221,0.9102001371343961
20190905,0.9701088111107558,0.9476863315210077,0.9102001371343961
20190906,0.9873141212951263,0.9707122846878637,0.9102001371343961
20190909,0.9943368397894554,0.9801108241748956,0.9102001371343961
20190910,0.9995885594889425,0.987139227066213,0.9102001371343961
20190911,0.9949717543181207,0.9809605334823908,0.9102001371343961
20190912,1.0027561440219679,0.9913784213805218,0.9102001371343961
20190916,1.001023582256141,0.9890597252540865,0.9102001371343961
20190917,0.9992681264843872,0.9867103899643567,0.9102001371343961
20190918,0.9794787292440096,0.9602261400918272,0.9102001371343961
20190919,0.9839515012444568,0.9662120733592134,0.9102001371343961
20190920,0.995651151565308,0.9818697742358437,0.9102001371343961
20190923,1.027016320545156,1.0238459376564002,0.9102001371343961
20190924,1.02738481161109,1.0243390911035442,0.9083270666167162
20190925,1.0462574608154929,1.0495964524680512,0.8870227439832978
20190926,1.0455208834987813,1.048610687339924,0.8961393105834576
20190927,1.0455208834987813,1.048610687339924,0.9027172316285774
20190930,1.0455208834987813,1.048610687339924,0.8721669559791988
20191008,1.0455208834987813,1.048610687339924,0.8576084949806921
20191009,1.0455208834987813,1.048610687339924,0.8571892577962461
20191010,1.0455208834987813,1.048610687339924,0.8764844872750699
20191011,1.0455208834987813,1.048610687339924,0.9102810196678117
20191014,1.0455208834987813,1.048610687339924,0.9533751878200023
20191015,1.0455208834987813,1.048610687339924,0.9496627651186986
20191016,1.0455208834987813,1.048610687339924,0.9496627651186986
20191017,1.0455208834987813,1.048610687339924,0.9496627651186986
20191018,1.0455208834987813,1.048610687339924,0.9496627651186986
20191021,1.0455208834987813,1.048610687339924,0.9496627651186986
20191022,1.0455208834987813,1.048610687339924,0.9496627651186986
20191023,1.0455208834987813,1.048610687339924,0.9496627651186986
20191024,1.0455208834987813,1.048610687339924,0.9496627651186986
20191025,1.0455208834987813,1.048610687339924,0.9496627651186986
20191028,1.0455208834987813,1.048610687339924,0.9496627651186986
20191029,1.0455208834987813,1.048610687339924,0.9496627651186986
20191030,1.0455208834987813,1.048610687339924,0.9496627651186986
20191031,1.0455208834987813,1.048610687339924,0.9496627651186986
20191101,1.0455208834987813,1.048610687339924,0.9496627651186986
20191104,1.0455208834987813,1.048610687339924,0.9496627651186986
20191105,1.0455208834987813,1.048610687339924,0.9496627651186986
20191106,1.0455208834987813,1.048610687339924,0.9496627651186986
20191107,1.0455208834987813,1.048610687339924,0.9496627651186986
20191108,1.0455208834987813,1.048610687339924,0.9496627651186986
20191111,1.0455208834987813,1.048610687339924,0.9496627651186986
20191112,1.0455208834987813,1.048610687339924,0.9326433861186245
20191113,1.0455208834987813,1.048610687339924,0.9387167713927763
20191114,1.0455208834987813,1.048610687339924,0.9380260178017321
20191115,1.0455208834987813,1.048610687339924,0.9563098245051379
20191118,1.0455208834987813,1.048610687339924,0.9586285701992825
20191119,1.0455208834987813,1.048610687339924,0.9354018290098693
20191120,1.0455208834987813,1.048610687339924,0.9160261725251139
20191121,1.0455208834987813,1.048610687339924,0.9236308273951823
20191122,1.0455208834987813,1.048610687339924,0.9272127933304567
20191125,1.0455208834987813,1.048610687339924,0.9547863408567914
20191126,1.0455208834987813,1.048610687339924,0.9407450238942968
20191127,1.0455208834987813,1.048610687339924,0.9369756378240325
20191128,1.0455208834987813,1.048610687339924,0.9160518051256287
20191129,1.0455208834987813,1.048610687339924,0.8938470713957698
20191202,1.0455208834987813,1.048610687339924,0.8589325813507966
20191203,1.0641995073232586,1.0707197221867677,0.8861070433388624
20191204,1.0707256178837292,1.0784443815166866,0.8933701369327087
20191205,1.0883691012172665,1.0993281677905824,0.913006070094667
20191206,1.0776182452057124,1.0866028700156272,0.9010411374288231
20191209,1.1008657850095436,1.1141199222597409,0.9269139840282408
20191210,1.0978490845558317,1.1105491915634997,0.9255976593759251
20191211,1.0996634397340015,1.1126967610116374,0.9255976593759251
20191212,1.119854335475558,1.1365958031324,0.9255976593759251
20191213,1.1077428125726683,1.1222599460358278,0.9255976593759251
20191216,1.106633073502589,1.1209463985281614,0.9255976593759251
20191217,1.1350731122533981,1.1546095748786178,0.9255976593759251
20191218,1.133193110811541,1.1523843029431307,0.9471013791942398
20191219,1.133193110811541,1.1523843029431307,0.941774795880371
20191220,1.133193110811541,1.1523843029431307,0.9348404809338191
20191223,1.133193110811541,1.1523843029431307,0.9304053795868175
20191224,1.133193110811541,1.1523843029431307,0.9319188326927177
20191225,1.133193110811541,1.1523843029431307,0.9262993835833416
20191226,1.133193110811541,1.1523843029431307,0.9400186314224481
20191227,1.133193110811541,1.1523843029431307,0.9182250100555029
20191230,1.133193110811541,1.1523843029431307,0.9053485190550369
20191231,1.133193110811541,1.1523843029431307,0.9134731815679555
20200102,1.133193110811541,1.1523843029431307,0.9134731815679555
20200103,1.133193110811541,1.1523843029431307,0.9134731815679555
20200106,1.133193110811541,1.1523843029431307,0.9134731815679555
20200107,1.133193110811541,1.1523843029431307,0.9134731815679555
20200108,1.133193110811541,1.1523843029431307,0.9134731815679555
20200109,1.133193110811541,1.1523843029431307,0.9134731815679555
20200110,1.133193110811541,1.1523843029431307,0.9134731815679555
20200113,1.133193110811541,1.1523843029431307,0.9134731815679555
20200114,1.133193110811541,1.1523843029431307,0.9134731815679555
20200115,1.1297872716777437,1.1490430626860835,0.9101319413109086
20200116,1.1383969765370612,1.1574894664494846,0.9185783450743097
20200117,1.1579104910949156,1.176632866309502,0.937721744934327
20200120,1.1206137728166023,1.1400435584556396,0.9011324370804646
20200121,1.1384410429508176,1.1575326970513549,0.91862157567618
20200122,1.1457676943780493,1.16472038317989,0.9258092618047151
20200123,1.1436874813642368,1.1626796257653629,0.923768504390188
20200203,1.1512312051845373,1.1700802670541164,0.9311691456789415
20200204,1.1892394463028901,1.2073676022262265,0.9684564808510516
20200205,1.1668414531630753,1.1853944339655247,0.9464833125903498
20200206,1.1561552508489306,1.1749109178732189,0.9359997964980439
20200207,1.1327278296302006,1.1519278467944785,0.9130167254193036
20200210,1.1400703432033614,1.1591310942101032,0.9202199728349283
20200211,1.1452315411068617,1.1641943991791006,0.9252832778039258
20200212,1.1636720824790066,1.1822851770384928,0.9433740556633179
20200213,1.1556107142526773,1.1743767095546924,0.9354655881795174
20200214,1.1556107142526773,1.1743767095546924,0.9354655881795174
20200217,1.1556107142526773,1.1743767095546924,0.9354655881795174
20200218,1.1777716001839806,1.1961172678419953,0.9572061464668203
20200219,1.1766129199839293,1.1949805644401705,0.9560694430649956
20200220,1.1902254027345236,1.2083348579278765,0.9694237365527018
20200221,1.1869238059998026,1.205095882894348,0.9661847615191731
20200224,1.200388555286171,1.2183052449925804,0.9793941236174054
20200225,1.1719872054360378,1.1904425862627368,0.9515314648875618
20200226,1.188246660775353,1.2063936469567886,0.9674825255816136
20200227,1.1880371989665246,1.2061881580301312,0.9672770366549563
20200228,1.197927396728394,1.2158907674646733,0.9769796460894983
20200302,1.207468926235574,1.2252513218686762,0.9863402004935011
20200303,1.2212903030148106,1.2388105472719944,0.9998994258968193
20200304,1.2225984301366433,1.2400938630215346,1.0011827416463597
20200305,1.2225984301366433,1.2400938630215346,1.0011827416463597
20200306,1.2225984301366433,1.2400938630215346,1.0011827416463597
20200309,1.2225984301366433,1.2400938630215346,1.0011827416463597
20200310,1.2225984301366433,1.2400938630215346,1.0011827416463597
20200311,1.2225984301366433,1.2400938630215346,1.0011827416463597
20200312,1.2225984301366433,1.2400938630215346,1.0011827416463597
20200313,1.2225984301366433,1.2400938630215346,1.0011827416463597
20200316,1.2225984301366433,1.2400938630215346,1.0011827416463597
20200317,1.2225984301366433,1.2400938630215346,1.0011827416463597
20200318,1.2225984301366433,1.2400938630215346,1.0011827416463597
20200319,1.2225984301366433,1.2400938630215346,1.0011827416463597
20200320,1.2225984301366433,1.2400938630215346,1.0011827416463597
20200323,1.2225984301366433,1.2400938630215346,1.0011827416463597
20200324,1.2225984301366433,1.2400938630215346,1.0011827416463597
20200325,1.2225984301366433,1.2400938630215346,1.0011827416463597
20200326,1.2225984301366433,1.2400938630215346,1.0011827416463597
20200327,1.2225984301366433,1.2400938630215346,1.0011827416463597
20200330,1.2225984301366433,1.2400938630215346,1.0011827416463597
20200331,1.2225984301366433,1.2400938630215346,1.0011827416463597
20200401,1.2225984301366433,1.2400938630215346,1.0011827416463597
20200402,1.2225984301366433,1.2400938630215346,1.0011827416463597
20200403,1.2225984301366433,1.2400938630215346,1.0011827416463597
20200407,1.2225984301366433,1.2400938630215346,1.0011827416463597
20200408,1.2225984301366433,1.2400938630215346,1.0011827416463597
20200409,1.2225984301366433,1.2400938630215346,1.0011827416463597
20200410,1.2225984301366433,1.2400938630215346,1.0011827416463597
20200413,1.2225984301366433,1.2400938630215346,1.0011827416463597
20200414,1.2381476093524892,1.2541413232417997,1.0152302018666246
20200415,1.2544541149392399,1.2688729682618771,1.0299618468867022
20200416,1.208004558685762,1.2269094482160896,0.9879983268409146
20200417,1.2093891444440639,1.2281603125280445,0.9892491911528695
20200420,1.2093891444440639,1.2281603125280445,0.9892491911528695
20200421,1.2093891444440639,1.2281603125280445,0.9892491911528695
20200422,1.2093891444440639,1.2281603125280445,0.9892491911528695
20200423,1.2093891444440639,1.2281603125280445,0.9892491911528695
20200424,1.1795679031583584,1.1988588465881143,0.9599477252129394
20200427,1.1784514072694983,1.197761810889765,0.9588506895145901
20200428,1.1784514072694983,1.197761810889765,0.9588506895145901
20200429,1.1784514072694983,1.197761810889765,0.9588506895145901
20200430,1.1784514072694983,1.197761810889765,0.9588506895145901
20200506,1.1784514072694983,1.197761810889765,0.9588506895145901
20200507,1.1770337945679519,1.196456633694289,0.9575455123191141
20200508,1.1823873129933657,1.2013855470404995,0.9624744256653246
20200511,1.2157846579044451,1.2321340391496847,0.9932229177745098
20200512,1.189463401660524,1.2079004079411284,0.9689892865659535
20200513,1.1955059125014993,1.2134636674579578,0.9745525460827829
20200514,1.1977356454029686,1.2155165529405902,0.9766054315654151
20200515,1.1879923518410551,1.2065460319005605,0.9676349105253854
20200518,1.159723652620015,1.1805194157953167,0.9416082944201416
20200519,1.1467593539414305,1.1685833581032776,0.9296722367281026
20200520,1.1387498178820281,1.1612090845801428,0.9222979632049679
20200521,1.137250373829746,1.1598285663463574,0.9209174449711826
20200522,1.117471528914289,1.1416184463972725,0.9027073250220975
20200525,1.1023723461575556,1.127716829275112,0.8888057078999372
20200526,1.1033071527460725,1.1285774932915826,0.8896663719164077
20200527,1.1178308685684897,1.1419492856466538,0.9030381642714786
20200528,1.1057636635188284,1.1308391701498277,0.8919280487746527
20200529,1.0914094192929389,1.117623408043941,0.8787122866687658
20200601,1.0586734875887132,1.087483870294032,0.8768477647667177
20200602,1.0482054764653137,1.0778461114157825,0.8660623271015724
20200603,1.0752503163553162,1.1027459364816978,0.8901469896535215
20200604,1.1041118036764759,1.1293183247214476,0.915849459540742
20200605,1.10376968472856,1.1290033403477375,0.9155447870247763
20200608,1.1131598022521034,1.137648696897659,0.9239071146553895
20200609,1.0856693729941413,1.1123386236158714,0.8994256344625267
20200610,1.0906367463825672,1.1169120183526107,0.9038493068642257
20200611,1.0831393704641388,1.110009283872334,0.8971725518989573
20200612,1.0728474928139802,1.1005336887447221,0.8880071657758306
20200615,1.059700007756383,1.0884289737853288,0.8762987311055968
20200616,1.0461808729810085,1.075982085864436,0.8642593254229041
20200617,1.03365361773649,1.0644484082603807,0.8531032336695972
20200618,1.0393013441877297,1.0696481950303516,0.8581327914823653
20200619,1.0670497943352704,1.0951958247199414,0.882844051037285
20200622,1.0644686336658744,1.0928193843565899,0.8805454098189376
20200623,1.0732437609052192,1.100898527515859,0.8883600605718958
20200624,1.0663341431631042,1.094536934186012,0.8822067310510461
20200629,1.0748114796732078,1.1023419053740466,0.889756185587127
20200630,1.0644226201441391,1.0927770203179588,0.8805044326806619
20200701,1.065317847240873,1.0936012440217633,0.8813016732123081
20200702,1.0824115205707205,1.1093391621376865,0.8965243683954591
20200703,1.0704564715550196,1.098332307212454,0.8858778523685106
20200706,1.0416740448134092,1.0718327089987647,0.8602457895307439
20200707,1.0110981412093283,1.0436818804462413,0.8330165538051727
20200708,1.029255670747738,1.0603992768506743,0.8491866614297072
20200709,1.0252641457262701,1.056724332750986,0.8456320264752863
20200710,1.0209651783382367,1.052766330545705,0.841803600081056
20200713,1.0326255244434632,1.0635018564134509,0.8521876697344737
20200714,1.0346680871501384,1.0653824167824242,0.8540066649191947
20200715,1.0687242271391373,1.0967374527743314,0.8843352097652002
20200716,1.0900098806086986,1.116334871356266,0.9032910543217666
20200717,1.0645157279909374,1.0928627434764973,0.8805873494618369
20200720,1.048633323504432,1.0782400245050205,0.8664433443900061
20200721,1.0512783013527425,1.0806752204978243,0.8687988177147896
20200722,1.0563672247578075,1.0853605247213038,0.8733307359462232
20200723,1.0569216492873228,1.0858709760256315,0.8738244762589118
20200724,1.0434490847294438,1.073466964685766,0.8618265434774418
20200727,1.0271994909692879,1.0585061794244843,0.8473555396219415
20200728,0.999435040127914,1.0329438181084916,0.8226300307198954
20200729,1.0268480480423146,1.0581826105870322,0.8470425636776635
20200730,1.020367664930852,1.0522162078835287,0.8412714871587517
20200731,1.0034252994528396,1.0366175968981757,0.8261835385138584
20200803,0.986013494032469,1.020586778789718,0.8106775322045051
20200804,0.9678651442359898,1.0038778340518193,0.7945155995585472
20200805,0.9633595959751314,0.9997296355792935,0.7902561163099311
20200806,0.9616475603647907,0.998153387120161,0.7902561163099311
20200807,0.9672237047611946,1.0032872692424977,0.7902561163099311
20200810,0.992571515223744,1.0266246618426575,0.7902561163099311
20200811,0.982207868758709,1.0170829901199214,0.7902561163099311
20200812,0.9963039269882441,1.0300610438063893,0.7902561163099311
20200813,0.9959828213573357,1.029765406114696,0.7902561163099311
20200814,0.9837141503772626,1.0184698036102042,0.7902561163099311
20200817,0.9718318684653071,1.0075299443914054,0.7902561163099311
20200818,0.9578296794207909,0.9946383148174689,0.7902561163099311
20200819,0.9649924297483814,1.0012329639584225,0.7902561163099311
20200820,0.932330101146329,0.971161191607602,0.7902561163099311
20200821,0.9662003088275031,1.00234504219195,0.7902561163099311
20200824,0.9759076534888855,1.0112824655564834,0.7902561163099311
20200825,0.9514157810063978,0.9887331236919716,0.7902561163099311
20200826,0.965145015539167,1.0013734476704192,0.7902561163099311
20200827,0.9421170209663051,0.9801718787642906,0.7902561163099311
20200828,0.9385083122241566,0.9768493885310777,0.7902561163099311
20200831,0.9325038730801826,0.9713211811202749,0.7902561163099311
20200901,0.9619376846874927,0.9984205007326664,0.7902561163099311
20200902,0.9354538871324609,0.9740372198967099,0.7902561163099311
20200903,0.9332660340925385,0.9720228926466478,0.7902561163099311
20200904,0.9543234139556955,0.9914101427495023,0.7902561163099311
20200907,0.9690337982943047,1.004953798329403,0.7902561163099311
20200908,0.9580374490822431,0.9948296055866215,0.7902561163099311
20200909,0.9497765497322348,0.9872239052186789,0.7902561163099311
20200910,0.9607042390672186,0.9972848837240961,0.7902561163099311
20200911,0.9717825256255642,1.0074845150938811,0.7902561163099311
20200914,0.992141165054622,1.0262284441548544,0.7902561163099311
20200915,1.034810406132779,1.0655134479804542,0.7902561163099311
20200916,1.0157486096038415,1.0479635049620053,0.7902561163099311
20200917,1.0444216685580567,1.0743624097056994,0.7902561163099311
20200918,1.0420235348790785,1.0721544798627385,0.7902561163099311
20200921,1.0420235348790785,1.0721544798627385,0.7902561163099311
20200922,1.0420235348790785,1.0721544798627385,0.7902561163099311
20200923,1.0420235348790785,1.0721544798627385,0.7902561163099311
20200924,1.0420235348790785,1.0721544798627385,0.7902561163099311
20200925,1.0420235348790785,1.0721544798627385,0.7902561163099311
20200928,1.0420235348790785,1.0721544798627385,0.7902561163099311
20200929,1.0420235348790785,1.0721544798627385,0.7902561163099311
20200930,1.0420235348790785,1.0721544798627385,0.7902561163099311
20201009,1.0420235348790785,1.0721544798627385,0.7902561163099311
20201012,1.0420235348790785,1.0721544798627385,0.7902561163099311
20201013,1.0420235348790785,1.0721544798627385,0.7902561163099311
20201014,1.0420235348790785,1.0721544798627385,0.7902561163099311
20201015,1.0420235348790785,1.0721544798627385,0.7902561163099311
20201016,1.0420235348790785,1.0721544798627385,0.7902561163099311
20201019,1.0420235348790785,1.0721544798627385,0.7902561163099311
20201020,1.0420235348790785,1.0721544798627385,0.7902561163099311
20201021,1.0420235348790785,1.0721544798627385,0.7902561163099311
20201022,1.0420235348790785,1.0721544798627385,0.7902561163099311
20201023,1.0420235348790785,1.0721544798627385,0.7902561163099311
20201026,1.0420235348790785,1.0721544798627385,0.7902561163099311
20201027,1.0420235348790785,1.0721544798627385,0.7902561163099311
20201028,1.0420235348790785,1.0721544798627385,0.7902561163099311
20201029,1.0420235348790785,1.0721544798627385,0.7902561163099311
20201030,1.0420235348790785,1.0721544798627385,0.7902561163099311
20201102,1.0420235348790785,1.0721544798627385,0.7902561163099311
20201103,1.0420235348790785,1.0721544798627385,0.7902561163099311
20201104,1.0420235348790785,1.0721544798627385,0.7902561163099311
20201105,1.0420235348790785,1.0721544798627385,0.7902561163099311
20201106,1.0420235348790785,1.0721544798627385,0.7902561163099311
20201109,1.0420235348790785,1.0721544798627385,0.7902561163099311
20201110,1.0420235348790785,1.0721544798627385,0.7902561163099311
20201111,1.0420235348790785,1.0721544798627385,0.7902561163099311
20201112,1.0420235348790785,1.0721544798627385,0.7902561163099311
20201113,1.0420235348790785,1.0721544798627385,0.7902561163099311
20201116,1.0420235348790785,1.0721544798627385,0.7902561163099311
20201117,1.0420235348790785,1.0721544798627385,0.7902561163099311
20201118,1.0420235348790785,1.0721544798627385,0.7902561163099311
20201119,1.0420235348790785,1.0721544798627385,0.7902561163099311
20201120,1.0420235348790785,1.0721544798627385,0.7902561163099311
20201123,1.0420235348790785,1.0721544798627385,0.7902561163099311
20201124,1.0420235348790785,1.0721544798627385,0.7902561163099311
20201125,1.0420235348790785,1.0721544798627385,0.7902561163099311
20201126,1.0420235348790785,1.0721544798627385,0.7902561163099311
20201127,1.0420235348790785,1.0721544798627385,0.7902561163099311
20201130,1.0420235348790785,1.0721544798627385,0.7902561163099311
20201201,1.0420235348790785,1.0721544798627385,0.7902561163099311
20201202,1.0420235348790785,1.0721544798627385,0.7902561163099311
20201203,1.0420235348790785,1.0721544798627385,0.7902561163099311
20201204,1.0420235348790785,1.0721544798627385,0.7902561163099311
20201207,1.0420235348790785,1.0721544798627385,0.7902561163099311
20201208,1.0420235348790785,1.0721544798627385,0.7902561163099311
20201209,1.0420235348790785,1.0721544798627385,0.7902561163099311
20201210,1.0420235348790785,1.0721544798627385,0.7902561163099311
20201211,1.0420235348790785,1.0721544798627385,0.7902561163099311
20201214,1.0233389196033804,1.0575489547422798,0.7756505911894724
20201215,0.9756868508279318,1.0202999411943874,0.7384015776415801
20201216,0.9722024938074724,1.017576263813823,0.7356779002610156
20201217,0.9722024938074724,1.017576263813823,0.7356779002610156
20201218,0.9722024938074724,1.017576263813823,0.7356779002610156
20201221,0.9722024938074724,1.017576263813823,0.7356779002610156
20201222,0.9722024938074724,1.017576263813823,0.7356779002610156
20201223,0.9722024938074724,1.017576263813823,0.7356779002610156
20201224,0.9722024938074724,1.017576263813823,0.7356779002610156
20201225,0.9620468161517947,1.0097040596170215,0.7278056960642142
20201228,0.9944460327460182,1.0348184101796878,0.7529200466268804
20201229,1.0005175760762877,1.0395247853233385,0.7576264217705311
20201230,0.988927404541749,1.0305406288653165,0.7486422653125093
20201231,0.9941606589800613,1.0345972018434064,0.752698838290599
20210104,0.9941606589800613,1.0345972018434064,0.752698838290599
20210105,0.9941606589800613,1.0345972018434064,0.752698838290599
20210106,0.9941606589800613,1.0345972018434064,0.752698838290599
20210107,0.9941606589800613,1.0345972018434064,0.752698838290599
20210108,0.9941606589800613,1.0345972018434064,0.752698838290599
20210111,0.9941606589800613,1.0345972018434064,0.752698838290599
20210112,0.9941606589800613,1.0345972018434064,0.752698838290599
20210113,0.9941606589800613,1.0345972018434064,0.752698838290599
20210114,0.9941606589800613,1.0345972018434064,0.752698838290599
20210115,0.9793292932353829,1.0232306012172905,0.7413322376644832
20210118,0.9639286885490639,1.0114277419335536,0.7295293783807463
20210119,0.959024387199178,1.0076691376516604,0.725770774098853
20210120,0.9445567946065855,0.9965813288920149,0.7146829653392075
20210121,0.9562213559621782,1.0055209243878256,0.7236225608350182
20210122,0.9552900907825558,1.0048072126800838,0.7229088491272764
20210125,0.9465166055478696,0.998083307108705,0.7161849435558976
20210126,0.9215442165289359,0.9789447343336342,0.6970463707808268
20210127,0.9096733713247573,0.9698470450949507,0.6879486815421433
20210128,0.8984132512918778,0.9612174091181162,0.6842842001123035
20210129,0.911958829828208,0.9715985961323597,0.6842842001123035
20210201,0.9334998743007574,0.9881074230201816,0.6842842001123035
20210202,0.927817947699014,0.9837528550336094,0.6842842001123035
20210203,0.927817947699014,0.9837528550336094,0.6842842001123035
20210204,0.927817947699014,0.9837528550336094,0.6842842001123035
20210205,0.927817947699014,0.9837528550336094,0.6842842001123035
20210208,0.927817947699014,0.9837528550336094,0.6842842001123035
20210209,0.927817947699014,0.9837528550336094,0.6842842001123035
20210210,0.927817947699014,0.9837528550336094,0.6842842001123035
20210218,0.927817947699014,0.9837528550336094,0.6842842001123035
20210219,0.9111341520054383,0.9698721982310761,0.6704035433097703
20210222,0.8812049410955903,0.9449715633491585,0.6455029084278527
20210223,0.9144293254325699,0.9726137309306435,0.6731450760093378
20210224,0.9303862485303859,0.9858896411139892,0.6864209861926834
20210225,0.9355726353702268,0.9902046337626182,0.6907359788413125
20210226,0.9343795552730587,0.9892120098015672,0.6897433548802614
20210301,0.9343795552730587,0.9892120098015672,0.6897433548802614
20210302,0.9343795552730587,0.9892120098015672,0.6897433548802614
20210303,0.9343795552730587,0.9892120098015672,0.6897433548802614
20210304,0.9343795552730587,0.9892120098015672,0.6897433548802614
20210305,0.9343795552730587,0.9892120098015672,0.6897433548802614
20210308,0.9343795552730587,0.9892120098015672,0.6897433548802614
20210309,0.9343795552730587,0.9892120098015672,0.6897433548802614
20210310,0.9343795552730587,0.9892120098015672,0.6897433548802614
20210311,0.9343795552730587,0.9892120098015672,0.6897433548802614
20210312,0.9343795552730587,0.9892120098015672,0.6897433548802614
20210315,0.9343795552730587,0.9892120098015672,0.6897433548802614
20210316,0.9343795552730587,0.9892120098015672,0.6897433548802614
20210317,0.9343795552730587,0.9892120098015672,0.6897433548802614
20210318,0.9343795552730587,0.9892120098015672,0.6897433548802614
20210319,0.9343795552730587,0.9892120098015672,0.6897433548802614
20210322,0.9343795552730587,0.9892120098015672,0.6897433548802614
20210323,0.9343795552730587,0.9892120098015672,0.6897433548802614
20210324,0.9343795552730587,0.9892120098015672,0.6897433548802614
20210325,0.9343795552730587,0.9892120098015672,0.6897433548802614
20210326,0.9343795552730587,0.9892120098015672,0.6897433548802614
20210329,0.9343795552730587,0.9892120098015672,0.6897433548802614
20210330,0.9343795552730587,0.9892120098015672,0.6897433548802614
20210331,0.9343795552730587,0.9892120098015672,0.6897433548802614
20210401,0.9343795552730587,0.9892120098015672,0.6897433548802614
20210402,0.9343795552730587,0.9892120098015672,0.6897433548802614
20210406,0.9343795552730587,0.9892120098015672,0.6897433548802614
20210407,0.9343795552730587,0.9892120098015672,0.6897433548802614
20210408,0.9343795552730587,0.9892120098015672,0.6897433548802614
20210409,0.9343795552730587,0.9892120098015672,0.6897433548802614
20210412,0.9608744498240654,1.0104262790010279,0.7109576240797222
20210413,0.9451838645380252,0.9978629415808944,0.6983942866595886
20210414,0.9385515044353963,0.9925524591264704,0.6930838042051646
20210415,0.9276178617070819,0.9837979709845135,0.6843293160632078
20210416,0.9084064332975403,0.9684155201050969,0.6689468651837911
20210419,0.8985881762485577,0.9605541131572174,0.6610854582359116
20210420,0.8945490494024133,0.9573200136940203,0.6578513587727145
20210421,0.8852842018223915,0.9499017176794363,0.6504330627581305
20210422,0.8977107232608423,0.9598515429373048,0.660382888015999
20210423,0.9129742251750651,0.9720729178105443,0.6726042628892386
20210426,0.8857818513259982,0.9503001820143732,0.6508315270930674
20210427,0.8918470630554041,0.95515655289487,0.6556878979735643
20210428,0.905256477169871,0.9658933731635335,0.6664247182422278
20210429,0.9042704922207785,0.9651039021921961,0.6656352472708904
20210430,0.9042704922207785,0.9651039021921961,0.6656352472708904
20210506,0.9042704922207785,0.9651039021921961,0.6656352472708904
20210507,0.9042704922207785,0.9651039021921961,0.6656352472708904
20210510,0.9042704922207785,0.9651039021921961,0.6656352472708904
20210511,0.9042704922207785,0.9651039021921961,0.6656352472708904
20210512,0.9042704922207785,0.9651039021921961,0.6656352472708904
20210513,0.8666787655723133,0.9354328143137198,0.6359641593924141
20210514,0.8655745722510799,0.9345612763453919,0.6350926214240862
20210517,0.8655745722510799,0.9345612763453919,0.6350926214240862
20210518,0.8655745722510799,0.9345612763453919,0.6350926214240862
20210519,0.8655745722510799,0.9345612763453919,0.6350926214240862
20210520,0.8655745722510799,0.9345612763453919,0.6350926214240862
20210521,0.8655745722510799,0.9345612763453919,0.6350926214240862
20210524,0.8655745722510799,0.9345612763453919,0.6350926214240862
20210525,0.8655745722510799,0.9345612763453919,0.6350926214240862
20210526,0.8655745722510799,0.9345612763453919,0.6350926214240862
20210527,0.8655745722510799,0.9345612763453919,0.6350926214240862
20210528,0.8655745722510799,0.9345612763453919,0.6350926214240862
20210531,0.8655745722510799,0.9345612763453919,0.6350926214240862
20210601,0.8655745722510799,0.9345612763453919,0.6350926214240862
20210602,0.8655745722510799,0.9345612763453919,0.6350926214240862
20210603,0.8655745722510799,0.9345612763453919,0.6350926214240862
20210604,0.8655745722510799,0.9345612763453919,0.6350926214240862
20210607,0.8655745722510799,0.9345612763453919,0.6350926214240862
20210608,0.8655745722510799,0.9345612763453919,0.6350926214240862
20210609,0.8655745722510799,0.9345612763453919,0.6350926214240862
20210610,0.8655745722510799,0.9345612763453919,0.6350926214240862
20210611,0.8655745722510799,0.9345612763453919,0.6350926214240862
20210615,0.8655745722510799,0.9345612763453919,0.6350926214240862
20210616,0.8655745722510799,0.9345612763453919,0.6350926214240862
20210617,0.8655745722510799,0.9345612763453919,0.6350926214240862
20210618,0.8655745722510799,0.9345612763453919,0.6350926214240862
20210621,0.8655745722510799,0.9345612763453919,0.6350926214240862
20210622,0.8993990011782207,0.9631972499281952,0.6637285950068894
20210623,0.8973554228969172,0.9614671437435837,0.6619984888222779
20210624,0.8973554228969172,0.9614671437435837,0.6619984888222779
20210625,0.8973554228969172,0.9614671437435837,0.6619984888222779
20210628,0.8973554228969172,0.9614671437435837,0.6619984888222779
20210629,0.9136091836685635,0.9748071391630876,0.6753384842417818
20210630,0.9239526205405691,0.9832963375974082,0.6838276826761025
20210701,0.9236741151196275,0.983067759049227,0.6835991041279212
20210702,0.9236741151196275,0.983067759049227,0.6835991041279212
20210705,0.9236741151196275,0.983067759049227,0.6835991041279212
20210706,0.9236741151196275,0.983067759049227,0.6835991041279212
20210707,0.9236741151196275,0.983067759049227,0.6835991041279212
20210708,0.9236741151196275,0.983067759049227,0.6835991041279212
20210709,0.9236741151196275,0.983067759049227,0.6835991041279212
20210712,0.9236741151196275,0.983067759049227,0.6835991041279212
20210713,0.9236741151196275,0.983067759049227,0.6835991041279212
20210714,0.9236741151196275,0.983067759049227,0.6835991041279212
20210715,0.9281411583479575,0.9867288456614193,0.6872601907401135
20210716,0.9084278414023902,0.9705722613029775,0.6711036063816718
20210719,0.9106199141926965,0.9723688340996419,0.672900179178336
20210720,0.9198071652678532,0.979898495263606,0.6804298403423001
20210721,0.9274815062755275,0.9861882098879031,0.6867195549665974
20210722,0.9169431466464778,0.9775512110096081,0.6780825560883024
20210723,0.9226840759781338,0.9822563455792428,0.6827876906579369
20210726,0.9091065482950634,0.9711285139719935,0.6716598590506877
20210727,0.9062975308382968,0.9688263074163996,0.6693576524950938
20210728,0.9285416549673537,0.9870570835441872,0.6875884286228815
20210729,0.9248552789975688,0.9840358139883221,0.6845671590670163
20210730,0.9248552789975688,0.9840358139883221,0.6845671590670163
20210802,0.9355380512132474,0.9927361874984586,0.6932675325771527
20210803,0.9368747664360946,0.9938248488946444,0.6943561939733385
20210804,0.9353463220867533,0.9925800374861217,0.6931113825648159
20210805,0.9320534155141118,0.9898981945583171,0.6904295396370113
20210806,0.9261121895166649,0.9850594800147215,0.6855908250934157
20210809,0.9470446990544615,1.0021075502914645,0.7026388953701588
20210810,0.9442131677254748,0.9998014653473635,0.7003328104260577
20210811,0.9442131677254748,0.9998014653473635,0.7003328104260577
20210812,0.9442131677254748,0.9998014653473635,0.7003328104260577
20210813,0.9442131677254748,0.9998014653473635,0.7003328104260577
20210816,0.9442131677254748,0.9998014653473635,0.7003328104260577
20210817,0.9442131677254748,0.9998014653473635,0.7003328104260577
20210818,0.9442131677254748,0.9998014653473635,0.7003328104260577
20210819,0.9442131677254748,0.9998014653473635,0.7003328104260577
20210820,0.9442131677254748,0.9998014653473635,0.7003328104260577
20210823,0.9442131677254748,0.9998014653473635,0.7003328104260577
20210824,0.9954633882099526,1.0531143630793092,0.7536457081580035
20210825,0.9881722990781691,1.0455298281141376,0.7460611731928318
20210826,0.9881722990781691,1.0455298281141376,0.7460611731928318
20210827,0.9881722990781691,1.0455298281141376,0.7460611731928318
20210830,0.9881722990781691,1.0455298281141376,0.7460611731928318
20210831,0.9881722990781691,1.0455298281141376,0.7460611731928318
20210901,0.9881722990781691,1.0455298281141376,0.7460611731928318
20210902,0.9881722990781691,1.0455298281141376,0.7460611731928318
20210903,0.9881722990781691,1.0455298281141376,0.7460611731928318
20210906,0.9881722990781691,1.0455298281141376,0.7460611731928318
20210907,0.9881722990781691,1.0455298281141376,0.7460611731928318
20210908,0.987265062793442,1.0447427422526008,0.745274087331295
20210909,0.9787921619546248,1.037391955507511,0.7379233005862053
20210910,1.007288649487018,1.062114492312742,0.762645837391436
20210913,0.9924528900706742,1.0492435162744784,0.7497748613531725
20210914,1.0173597055810988,1.0708517815899004,0.7713831266685945
20210915,1.0181060358664493,1.0714992711419886,0.7720306162206827
20210916,1.0181060358664493,1.0714992711419886,0.7720306162206827
20210917,1.0181060358664493,1.0714992711419886,0.7720306162206827
20210922,1.0181060358664493,1.0714992711419886,0.7720306162206827
20210923,1.0181060358664493,1.0714992711419886,0.7720306162206827
20210924,1.0181060358664493,1.0714992711419886,0.7720306162206827
20210927,1.0181060358664493,1.0714992711419886,0.7720306162206827
20210928,1.0181060358664493,1.0714992711419886,0.7720306162206827
20210929,1.0176225690835965,1.0711389957093493,0.7716703407880434
20210930,0.9706589928696089,1.0361421286258536,0.7366734737045478
20211008,0.9681855755963041,1.0342989586091274,0.7348303036878214
20211011,0.890240745039304,0.9762151180084946,0.6767464630871887
20211012,0.8854564814611852,0.972649924511029,0.6731812695897232
20211013,0.8854564814611852,0.972649924511029,0.6731812695897232
20211014,0.8854564814611852,0.972649924511029,0.6731812695897232
20211015,0.8854564814611852,0.972649924511029,0.6731812695897232
20211018,0.8854564814611852,0.972649924511029,0.6731812695897232
20211019,0.8854564814611852,0.972649924511029,0.6731812695897232
20211020,0.8854564814611852,0.972649924511029,0.6731812695897232
20211021,0.8854564814611852,0.972649924511029,0.6731812695897232
20211022,0.8854564814611852,0.972649924511029,0.6731812695897232
20211025,0.8854564814611852,0.972649924511029,0.6731812695897232
20211026,0.8854564814611852,0.972649924511029,0.6731812695897232
20211027,0.8854564814611852,0.972649924511029,0.6731812695897232
20211028,0.8854564814611852,0.972649924511029,0.6731812695897232
20211029,0.9329733491040217,0.9924421735206804,0.6929735185993745
20211101,0.9439841573777199,0.9970285166438979,0.697559861722592
20211102,0.9453449891180796,0.997595345267112,0.6981266903458061
20211103,0.9539383945711629,1.001174765144844,0.7017061102235379
20211104,0.965628979542758,1.00604425634459,0.706575601423284
20211105,0.885554832649667,0.9726908908311884,0.6732222359098825
20211108,0.9105402645965123,0.9830980981080387,0.6836294431867328
20211109,0.8924208055917883,0.9755507814953931,0.6760821265740872
20211110,0.8486409668189934,0.9573151209062597,0.6578464659849539
20211111,0.8592113374095798,0.9617180080752064,0.6622493531539004
20211112,0.770877595879659,0.924924265241488,0.625455610320182
20211115,0.7907938969939635,0.9332200223180791,0.6230301654723893
20211116,0.8266545881461372,0.9481571123273996,0.6230301654723893
20211117,0.8208230643003502,0.9457281017930965,0.6230301654723893
20211118,0.8247640252779826,0.9473696342609544,0.6230301654723893
20211119,0.8337992678871542,0.9511330930168536,0.6230301654723893
20211122,0.8223422646474866,0.9463608958525047,0.6230301654723893
20211123,0.8223422646474866,0.9463608958525047,0.6230301654723893
20211124,0.8223422646474866,0.9463608958525047,0.6230301654723893
20211125,0.8223422646474866,0.9463608958525047,0.6230301654723893
20211126,0.8223422646474866,0.9463608958525047,0.6230301654723893
20211129,0.8223422646474866,0.9463608958525047,0.6230301654723893
20211130,0.8223422646474866,0.9463608958525047,0.6230301654723893
20211201,0.8223422646474866,0.9463608958525047,0.6230301654723893
20211202,0.8223422646474866,0.9463608958525047,0.6230301654723893
20211203,0.8223422646474866,0.9463608958525047,0.6230301654723893
20211206,0.8223422646474866,0.9463608958525047,0.6230301654723893
20211207,0.8223422646474866,0.9463608958525047,0.6230301654723893
20211208,0.8223422646474866,0.9463608958525047,0.6230301654723893
20211209,0.8223422646474866,0.9463608958525047,0.6230301654723893
20211210,0.8223422646474866,0.9463608958525047,0.6230301654723893
20211213,0.8223422646474866,0.9463608958525047,0.6230301654723893
20211214,0.8223422646474866,0.9463608958525047,0.6230301654723893
20211215,0.8223422646474866,0.9463608958525047,0.6230301654723893
20211216,0.8223422646474866,0.9463608958525047,0.6230301654723893
20211217,0.8251652462386471,0.9474083463910278,0.6240776160109125
20211220,0.8564929269687183,0.9590322961022627,0.6357015657221474
20211221,0.8832006718701235,0.9689420460869281,0.6456113157068128
20211222,0.890562616314568,0.9716736518108394,0.6483429214307241
20211223,0.890562616314568,0.9716736518108394,0.6483429214307241
20211224,0.890562616314568,0.9716736518108394,0.6483429214307241
20211227,0.890562616314568,0.9716736518108394,0.6483429214307241
20211228,0.890562616314568,0.9716736518108394,0.6483429214307241
20211229,0.890562616314568,0.9716736518108394,0.6483429214307241
20211230,0.890562616314568,0.9716736518108394,0.6483429214307241
20211231,0.890562616314568,0.9716736518108394,0.6483429214307241
20220104,0.890562616314568,0.9716736518108394,0.6483429214307241
20220105,0.890562616314568,0.9716736518108394,0.6483429214307241
20220106,0.890562616314568,0.9716736518108394,0.6483429214307241
20220107,0.890562616314568,0.9716736518108394,0.6483429214307241
20220110,0.890562616314568,0.9716736518108394,0.6483429214307241
20220111,0.890562616314568,0.9716736518108394,0.6483429214307241
20220112,0.890562616314568,0.9716736518108394,0.6483429214307241
20220113,0.890562616314568,0.9716736518108394,0.6483429214307241
20220114,0.890562616314568,0.9716736518108394,0.6483429214307241
20220117,0.890562616314568,0.9716736518108394,0.6483429214307241
20220118,0.890562616314568,0.9716736518108394,0.6483429214307241
20220119,0.890562616314568,0.9716736518108394,0.6457651515463293
20220120,0.890562616314568,0.9716736518108394,0.6544383797227034
20220121,0.890562616314568,0.9716736518108394,0.6524391377912355
20220124,0.890562616314568,0.9716736518108394,0.6528399311973496
20220125,0.890562616314568,0.9716736518108394,0.6500982432178627
20220126,0.890562616314568,0.9716736518108394,0.6545385837538265
20220127,0.890562616314568,0.9716736518108394,0.6522028230655537
20220128,0.890562616314568,0.9716736518108394,0.6387405784708062
20220207,0.890562616314568,0.9716736518108394,0.6506221157644132
20220208,0.890562616314568,0.9716736518108394,0.6523294786269773
20220209,0.890562616314568,0.9716736518108394,0.6523294786269773
20220210,0.890562616314568,0.9716736518108394,0.6523294786269773
20220211,0.890562616314568,0.9716736518108394,0.6523294786269773
20220214,0.890562616314568,0.9716736518108394,0.6523294786269773
20220215,0.890562616314568,0.9716736518108394,0.6523294786269773
20220216,0.890562616314568,0.9716736518108394,0.6523294786269773
20220217,0.890562616314568,0.9716736518108394,0.6523294786269773
20220218,0.890562616314568,0.9716736518108394,0.6523294786269773
20220221,0.890562616314568,0.9716736518108394,0.6523294786269773
20220222,0.890562616314568,0.9716736518108394,0.6523294786269773
20220223,0.890562616314568,0.9716736518108394,0.6523294786269773
20220224,0.890562616314568,0.9716736518108394,0.6523294786269773
20220225,0.890562616314568,0.9716736518108394,0.6523294786269773
20220228,0.890562616314568,0.9716736518108394,0.6523294786269773
20220301,0.890562616314568,0.9716736518108394,0.6523294786269773
20220302,0.890562616314568,0.9716736518108394,0.6523294786269773
20220303,0.890562616314568,0.9716736518108394,0.6523294786269773
20220304,0.890562616314568,0.9716736518108394,0.6575496680989729
20220307,0.890562616314568,0.9716736518108394,0.609950169545325
20220308,0.890562616314568,0.9796229735558675,0.6250856488907302
20220309,0.890562616314568,1.0035946829923454,0.6493168933591649
20220310,0.890562616314568,1.0225975614400058,0.6685255106874111
20220311,0.890562616314568,1.0072422392646687,0.6561240259694239
20220314,0.890562616314568,1.0295994913005448,0.6561240259694239
20220315,0.890562616314568,1.0202147631586194,0.6561240259694239
20220316,0.890562616314568,1.0225720859148875,0.6561240259694239
20220317,0.890562616314568,1.0306249148434181,0.6561240259694239
20220318,0.890562616314568,1.012972842657928,0.6561240259694239
20220321,0.890562616314568,0.9893031036346355,0.6561240259694239
20220322,0.890562616314568,0.9780072475882904,0.6561240259694239
20220323,0.890562616314568,0.9953164896626985,0.6561240259694239
20220324,0.890562616314568,1.010580241950828,0.6561240259694239
20220325,0.890562616314568,0.9934345616975465,0.6561240259694239
20220328,0.890562616314568,1.0108299609180116,0.6561240259694239
20220329,0.890562616314568,1.035491981561504,0.6561240259694239
20220330,0.890562616314568,1.0404414157128854,0.6561240259694239
20220331,0.890562616314568,1.0570908549162399,0.6561240259694239
20220401,0.890562616314568,1.065096747666702,0.6561240259694239
20220406,0.890562616314568,1.0445866275283482,0.6561240259694239
20220407,0.890562616314568,1.0539278716904807,0.6561240259694239
20220408,0.890562616314568,1.0652926414944444,0.6561240259694239
20220411,0.890562616314568,1.0750168400680158,0.6561240259694239
20220412,0.890562616314568,1.0770242375562695,0.6561240259694239
20220413,0.890562616314568,1.0692143671785028,0.6561240259694239
20220414,0.890562616314568,1.062996757684479,0.6561240259694239
20220415,0.890562616314568,1.071075214346934,0.6561240259694239
20220418,0.890562616314568,1.0474688545767392,0.6561240259694239
20220419,0.890562616314568,1.0507359481626029,0.6561240259694239
20220420,0.890562616314568,1.0558326737054433,0.6561240259694239
20220421,0.890562616314568,1.0637538368365023,0.6561240259694239
20220422,0.890562616314568,1.0778285848927456,0.6561240259694239
20220425,0.890562616314568,1.1105960503383614,0.6561240259694239
20220426,0.890562616314568,1.1134818904875181,0.6607143432956422
20220427,0.890562616314568,1.1134818904875181,0.6362528893555459
20220428,0.890562616314568,1.1134818904875181,0.6408773957803238
20220429,0.890562616314568,1.1134818904875181,0.6336316196073172
20220505,0.890562616314568,1.1134818904875181,0.6428982112476962
20220506,0.890562616314568,1.1134818904875181,0.648578535539579
20220509,0.890562616314568,1.1134818904875181,0.6302007891918513
20220510,0.890562616314568,1.1134818904875181,0.6290171351040288
20220511,0.890562616314568,1.1134818904875181,0.6404319237490881
20220512,0.890562616314568,1.1134818904875181,0.6614938745109614
20220513,0.890562616314568,1.1134818904875181,0.6560236686474155
20220516,0.890562616314568,1.1134818904875181,0.6560236686474155
20220517,0.890562616314568,1.1134818904875181,0.6560236686474155
20220518,0.890562616314568,1.1134818904875181,0.6560236686474155
20220519,0.890562616314568,1.1134818904875181,0.6560236686474155
20220520,0.890562616314568,1.1134818904875181,0.6560236686474155
20220523,0.890562616314568,1.1134818904875181,0.6560236686474155
20220524,0.890562616314568,1.1134818904875181,0.6560236686474155
20220525,0.890562616314568,1.1134818904875181,0.6560236686474155
20220526,0.890562616314568,1.1134818904875181,0.6560236686474155
20220527,0.890562616314568,1.1134818904875181,0.6560236686474155
20220530,0.890562616314568,1.1134818904875181,0.6560236686474155
20220531,0.890562616314568,1.1134818904875181,0.6560236686474155
20220601,0.890562616314568,1.1134818904875181,0.6560236686474155
20220602,0.890562616314568,1.1134818904875181,0.6560236686474155
20220606,0.890562616314568,1.1134818904875181,0.6560236686474155
20220607,0.890562616314568,1.1134818904875181,0.6560236686474155
20220608,0.890562616314568,1.1134818904875181,0.6560236686474155
20220609,0.890562616314568,1.1134818904875181,0.6560236686474155
20220610,0.890562616314568,1.1134818904875181,0.6560236686474155
20220613,0.890562616314568,1.1134818904875181,0.6560236686474155
20220614,0.890562616314568,1.1134818904875181,0.6548264179018565
20220615,0.890562616314568,1.1134818904875181,0.6836534558884187
20220616,0.890562616314568,1.1134818904875181,0.6829233155517715
20220617,0.890562616314568,1.1134818904875181,0.6829233155517715
20220620,0.890562616314568,1.1134818904875181,0.6829233155517715
20220621,0.890562616314568,1.1134818904875181,0.6829233155517715
20220622,0.890562616314568,1.1134818904875181,0.6829233155517715
20220623,0.890562616314568,1.1134818904875181,0.6829233155517715
20220624,0.890562616314568,1.1134818904875181,0.6829233155517715
20220627,0.890562616314568,1.1103124755580278,0.6797539006222812
20220628,0.890562616314568,1.11659787833992,0.6860393034041733
20220629,0.890562616314568,1.1235203762891182,0.6929618013533715
20220630,0.890562616314568,1.1308229890973298,0.7002644141615831
20220701,0.890562616314568,1.110101000967116,0.6990729510998969
20220704,0.890562616314568,1.0874202197718623,0.6990729510998969
20220705,0.890562616314568,1.0932738737499765,0.6990729510998969
20220706,0.890562616314568,1.098170781871542,0.6990729510998969
20220707,0.890562616314568,1.1210197169483767,0.6990729510998969
20220708,0.890562616314568,1.0791253053773255,0.6990729510998969
20220711,0.890562616314568,1.071771388218266,0.6990729510998969
20220712,0.890562616314568,1.071611020388944,0.6990729510998969
20220713,0.9022300051312419,1.071611020388944,0.6990729510998969
20220714,0.9002821194220445,1.071611020388944,0.6990729510998969
20220715,0.9472984010207098,1.071611020388944,0.6990729510998969
20220718,0.9338182197552937,1.071611020388944,0.6990729510998969
20220719,0.917231462768695,1.0523128403955455,0.6990729510998969
20220720,0.9757982251533771,1.0993807985251838,0.6990729510998969
20220721,0.9962042221373159,1.115780349610575,0.6990729510998969
20220722,0.995277284812992,1.128496304520687,0.6990729510998969
20220725,0.995277284812992,1.1048534984011058,0.6990729510998969
20220726,0.995277284812992,1.1137207245799374,0.6990729510998969
20220727,0.995277284812992,1.1002126064356432,0.6990729510998969
20220728,0.995277284812992,1.1293661048006112,0.6990729510998969
20220729,0.995277284812992,1.135298138318821,0.6990729510998969
20220801,0.995277284812992,1.1270555677609926,0.6990729510998969
20220802,0.995277284812992,1.132099973221326,0.6990729510998969
20220803,0.995277284812992,1.122463518595736,0.6990729510998969
20220804,0.995277284812992,1.1311399303911112,0.6990729510998969
20220805,0.995277284812992,1.1254952516256274,0.6990729510998969
20220808,0.995277284812992,1.1368290774700824,0.6990729510998969
20220809,0.995277284812992,1.1224214474185596,0.6990729510998969
20220810,0.995277284812992,1.0980220762814068,0.6990729510998969
20220811,0.995277284812992,1.0953604988339285,0.6990729510998969
20220812,0.995277284812992,1.0967519486124075,0.6990729510998969
20220815,0.995277284812992,1.1134138172508943,0.6990729510998969
20220816,0.995277284812992,1.1190342283309875,0.6990729510998969
20220817,0.995277284812992,1.1012799486140805,0.6990729510998969
20220818,0.995277284812992,1.11014107549142,0.6990729510998969
20220819,0.995277284812992,1.113248470549881,0.6990729510998969
20220822,0.995277284812992,1.131752747410916,0.6990729510998969
20220823,0.995277284812992,1.143292958958115,0.6990729510998969
20220824,0.995277284812992,1.142402857502022,0.6990729510998969
20220825,0.995277284812992,1.142402857502022,0.6990729510998969
20220826,0.995277284812992,1.142402857502022,0.6990729510998969
20220829,0.995277284812992,1.142402857502022,0.6990729510998969
20220830,0.995277284812992,1.142402857502022,0.6990729510998969
20220831,0.995277284812992,1.142402857502022,0.6990729510998969
20220901,0.995277284812992,1.142402857502022,0.6990729510998969
20220902,0.995277284812992,1.142402857502022,0.6990729510998969
20220905,0.995277284812992,1.142402857502022,0.6990729510998969
20220906,0.995277284812992,1.142402857502022,0.6990729510998969
20220907,0.995277284812992,1.142402857502022,0.6990729510998969
20220908,0.995277284812992,1.142402857502022,0.6990729510998969
20220909,0.995277284812992,1.142402857502022,0.6990729510998969
20220913,0.995277284812992,1.142402857502022,0.6990729510998969
20220914,0.995277284812992,1.142402857502022,0.6990729510998969
20220915,0.995277284812992,1.142402857502022,0.6990729510998969
20220916,0.995277284812992,1.142402857502022,0.6990729510998969
20220919,0.995277284812992,1.142402857502022,0.6990729510998969
20220920,0.995277284812992,1.142402857502022,0.6990729510998969
20220921,0.995277284812992,1.142402857502022,0.6990729510998969
20220922,0.995277284812992,1.142402857502022,0.6990729510998969
20220923,0.995277284812992,1.142402857502022,0.6990729510998969
20220926,0.995277284812992,1.142402857502022,0.6990729510998969
20220927,0.995277284812992,1.142402857502022,0.6990729510998969
20220928,0.995277284812992,1.1437439530332827,0.7004140466311576
20220929,0.995277284812992,1.1393523521760796,0.6960224457739544
20220930,0.995277284812992,1.1314011600594391,0.6880712536573139
20221010,0.995277284812992,1.1232523684449593,0.7114689751019381
20221011,0.995277284812992,1.1232523684449593,0.7189156660622005
20221012,0.995277284812992,1.1232523684449593,0.7173412419918325
20221013,0.995277284812992,1.1106308454345892,0.7173412419918325
20221014,0.995277284812992,1.1061604193020886,0.7173412419918325
20221017,0.995277284812992,1.1224804639182506,0.7173412419918325
20221018,0.995277284812992,1.118667573963785,0.7173412419918325
20221019,0.995277284812992,1.1107866476743196,0.7173412419918325
20221020,0.995277284812992,1.1001389296459476,0.7173412419918325
20221021,0.995277284812992,1.1252009702350017,0.7173412419918325
20221024,0.995277284812992,1.1209302040155278,0.7173412419918325
20221025,0.995277284812992,1.1399880440965788,0.7173412419918325
20221026,0.995277284812992,1.1504532655679027,0.7173412419918325
20221027,0.995277284812992,1.1651488058542343,0.7173412419918325
20221028,0.995277284812992,1.176396314434427,0.7173412419918325
20221031,0.995277284812992,1.1701237526707657,0.7173412419918325
20221101,0.995277284812992,1.1624016333791438,0.7173412419918325
20221102,0.995277284812992,1.1661559460818058,0.7173412419918325
20221103,0.995277284812992,1.16848034090048,0.7173412419918325
20221104,0.995277284812992,1.1553299038133347,0.7173412419918325
20221107,0.995277284812992,1.1514869728337018,0.7173412419918325
20221108,0.995277284812992,1.146685737652347,0.7173412419918325
20221109,0.995277284812992,1.1887014763840793,0.7173412419918325
20221110,0.995277284812992,1.1873667330791302,0.7173412419918325
20221111,0.995277284812992,1.1873667330791302,0.7173412419918325
20221114,0.995277284812992,1.1873667330791302,0.7173412419918325
20221115,0.995277284812992,1.1873667330791302,0.7173412419918325
20221116,0.995277284812992,1.1873667330791302,0.7173412419918325
20221117,0.995277284812992,1.1873667330791302,0.7173412419918325
20221118,0.995277284812992,1.1873667330791302,0.7173412419918325
20221121,0.995277284812992,1.1873667330791302,0.7173412419918325
20221122,0.995277284812992,1.1873667330791302,0.7173412419918325
20221123,0.995277284812992,1.1873667330791302,0.7173412419918325
20221124,0.995277284812992,1.1873667330791302,0.7173412419918325
20221125,0.995277284812992,1.1873667330791302,0.7173412419918325
20221128,0.995277284812992,1.1873667330791302,0.7173412419918325
20221129,0.995277284812992,1.1873667330791302,0.7173412419918325
20221130,0.995277284812992,1.1873667330791302,0.7173412419918325
20221201,0.995277284812992,1.1873667330791302,0.7173412419918325
20221202,0.995277284812992,1.1873667330791302,0.7173412419918325
20221205,0.995277284812992,1.1873667330791302,0.7173412419918325
20221206,0.995277284812992,1.1873667330791302,0.7173412419918325
20221207,0.995277284812992,1.1873667330791302,0.7173412419918325
20221208,0.995277284812992,1.1873667330791302,0.7173412419918325
20221209,0.995277284812992,1.1873667330791302,0.7173412419918325
20221212,0.995277284812992,1.1873667330791302,0.7173412419918325
20221213,0.995277284812992,1.1873667330791302,0.7173412419918325
20221214,0.995277284812992,1.1873667330791302,0.7173412419918325
20221215,0.995277284812992,1.1873667330791302,0.7173412419918325
20221216,0.995277284812992,1.1873667330791302,0.7173412419918325
20221219,0.995277284812992,1.1873667330791302,0.7173412419918325
20221220,0.995277284812992,1.1873667330791302,0.7173412419918325
20221221,0.995277284812992,1.1873667330791302,0.7173412419918325
20221222,0.995277284812992,1.1873667330791302,0.7173412419918325
20221223,0.995277284812992,1.1873667330791302,0.7173412419918325
20221226,0.995277284812992,1.1873667330791302,0.7173412419918325
20221227,0.995277284812992,1.1873667330791302,0.7173412419918325
20221228,0.995277284812992,1.1873667330791302,0.7173412419918325
20221229,0.995277284812992,1.1873667330791302,0.7173412419918325
20221230,0.995277284812992,1.1873667330791302,0.684185347947819
20230103,0.995277284812992,1.1873667330791302,0.684185347947819
20230104,0.9937014386042635,1.1852117665998003,0.6820303814684892
20230105,0.9860696989886926,1.1747753782267254,0.6715939930954142
20230106,0.9853502101640359,1.1737914787251118,0.6706100935938006
20230109,0.9853502101640359,1.1737914787251118,0.6706100935938006
20230110,0.9853502101640359,1.1737914787251118,0.6706100935938006
20230111,0.9853502101640359,1.1737914787251118,0.6706100935938006
20230112,0.9853502101640359,1.1737914787251118,0.6706100935938006
20230113,0.9853502101640359,1.1737914787251118,0.6706100935938006
20230116,0.9853502101640359,1.1737914787251118,0.6706100935938006
20230117,0.9853502101640359,1.1737914787251118,0.6706100935938006
20230118,0.9853502101640359,1.1737914787251118,0.6706100935938006
20230119,0.9853502101640359,1.1737914787251118,0.6706100935938006
20230120,0.9729988845983487,1.1562741599570308,0.6530927748257196
20230130,0.9863375533992024,1.175191782367983,0.6720103972366718
20230131,0.9733846185148595,1.156821228685747,0.6536398435544357
20230201,0.9725444207659173,1.1556296147396834,0.6524482296083722
20230202,0.9893230005598093,1.1794259051995355,0.6762445200682241
20230203,0.987356886114852,1.1766374552243744,0.6734560700930631
20230206,0.9760021646152028,1.1605335743110006,0.6573521891796894
20230207,0.9741896697937595,1.15796299600474,0.6547816108734286
20230208,0.9854550296786795,1.1739401394369815,0.6707587543056701
20230209,0.990242950885166,1.1807306285682435,0.6775492434369322
20230210,1.0044683929147549,1.200905920792864,0.6977245356615529
20230213,1.004981239828961,1.2316098980233126,0.7284285128920013
20230214,1.004981239828961,1.2309634365848103,0.7277820514534991
20230215,1.004981239828961,1.2309634365848103,0.7277820514534991
20230216,1.004981239828961,1.2309634365848103,0.7277820514534991
20230217,1.004981239828961,1.2309634365848103,0.7277820514534991
20230220,1.004981239828961,1.2309634365848103,0.7277820514534991
20230221,1.004981239828961,1.2309634365848103,0.7277820514534991
20230222,1.004981239828961,1.2309634365848103,0.7277820514534991
20230223,1.004981239828961,1.2309634365848103,0.7277820514534991
20230224,1.004981239828961,1.2309634365848103,0.7277820514534991
20230227,1.004981239828961,1.2309634365848103,0.7277820514534991
20230228,1.004981239828961,1.2309634365848103,0.7277820514534991
20230301,1.004981239828961,1.2309634365848103,0.7277820514534991
20230302,1.004981239828961,1.2309634365848103,0.7277820514534991
20230303,1.004981239828961,1.2309634365848103,0.7277820514534991
20230306,1.004981239828961,1.2309634365848103,0.7277820514534991
20230307,1.004981239828961,1.2309634365848103,0.7277820514534991
20230308,1.004981239828961,1.2309634365848103,0.7277820514534991
20230309,1.004981239828961,1.2309634365848103,0.7277820514534991
20230310,1.004981239828961,1.2309634365848103,0.7277820514534991
20230313,1.004981239828961,1.2309634365848103,0.7277820514534991
20230314,1.004981239828961,1.2309634365848103,0.7277820514534991
20230315,1.004981239828961,1.2309634365848103,0.7277820514534991
20230316,1.004981239828961,1.2309634365848103,0.7277820514534991
20230317,1.004981239828961,1.2309634365848103,0.7277820514534991
20230320,1.004981239828961,1.2309634365848103,0.7277820514534991
20230321,1.004981239828961,1.2309634365848103,0.7277820514534991
20230322,1.004981239828961,1.2309634365848103,0.7277820514534991
20230323,1.004981239828961,1.2309634365848103,0.7277820514534991
20230324,1.004981239828961,1.2309634365848103,0.7277820514534991
20230327,1.004981239828961,1.2309634365848103,0.7277820514534991
20230328,1.004981239828961,1.2309634365848103,0.7277820514534991
20230329,1.004981239828961,1.2309634365848103,0.7277820514534991
20230330,1.004981239828961,1.2309634365848103,0.7277820514534991
20230331,1.000104783479886,1.2236275818050335,0.7204461966737223
20230403,0.9826063966124253,1.197304035411679,0.6941226502803678
20230404,0.9825106567405282,1.1971600099664383,0.6939786248351271
20230406,0.9825106567405282,1.1971600099664383,0.6939786248351271
20230407,0.9825106567405282,1.1971600099664383,0.6939786248351271
20230410,0.9825106567405282,1.1971600099664383,0.6939786248351271
20230411,0.9825106567405282,1.1971600099664383,0.6939786248351271
20230412,0.9825106567405282,1.1971600099664383,0.6939786248351271
20230413,0.9825106567405282,1.1971600099664383,0.6939786248351271
20230414,0.9825106567405282,1.1971600099664383,0.6939786248351271
20230417,0.9825106567405282,1.1971600099664383,0.6939786248351271
20230418,0.9825106567405282,1.1971600099664383,0.6939786248351271
20230419,0.9825106567405282,1.1971600099664383,0.6939786248351271
20230420,0.9825106567405282,1.1971600099664383,0.6939786248351271
20230421,0.9825106567405282,1.1971600099664383,0.6939786248351271
20230424,0.9825106567405282,1.1971600099664383,0.6939786248351271
20230425,0.9724535789885815,1.1794999654907932,0.6763185803594819
20230426,0.9594222781710969,1.1566172397439678,0.6534358546126566
20230427,0.9577580157862713,1.153694825454243,0.6505134403229316
20230428,0.9577580157862713,1.153694825454243,0.6505134403229316
20230504,0.9577580157862713,1.153694825454243,0.6505134403229316
20230505,0.9577580157862713,1.153694825454243,0.6505134403229316
20230508,0.9577580157862713,1.153694825454243,0.6505134403229316
20230509,0.9577580157862713,1.153694825454243,0.6505134403229316
20230510,0.9577580157862713,1.153694825454243,0.6505134403229316
20230511,0.9577580157862713,1.153694825454243,0.6505134403229316
20230512,0.9577580157862713,1.153694825454243,0.6505134403229316
20230515,0.9577580157862713,1.153694825454243,0.6505134403229316
20230516,0.9577580157862713,1.153694825454243,0.6505134403229316
20230517,0.9577580157862713,1.153694825454243,0.6505134403229316
20230518,0.9577580157862713,1.153694825454243,0.6505134403229316
20230519,0.9377849733714361,1.1185102626733063,0.615328877541995
20230522,0.9328982882730669,1.1099018656618158,0.6067204805305046
20230523,0.9328982882730669,1.1099018656618158,0.6067204805305046
20230524,0.9328982882730669,1.1099018656618158,0.6067204805305046
20230525,0.9328982882730669,1.1099018656618158,0.6067204805305046
20230526,0.9328982882730669,1.1099018656618158,0.6067204805305046
20230529,0.9328982882730669,1.1099018656618158,0.6067204805305046
20230530,0.9328982882730669,1.1099018656618158,0.6067204805305046
20230531,0.9328982882730669,1.1099018656618158,0.6067204805305046
20230601,0.9328982882730669,1.1099018656618158,0.6067204805305046
20230602,0.9328982882730669,1.1099018656618158,0.6067204805305046
20230605,0.9328982882730669,1.1099018656618158,0.6067204805305046
20230606,0.9328982882730669,1.1099018656618158,0.6067204805305046
20230607,0.9328982882730669,1.1099018656618158,0.6067204805305046
20230608,0.9328982882730669,1.1099018656618158,0.6067204805305046
20230609,0.9328982882730669,1.1099018656618158,0.6067204805305046
20230612,0.9328982882730669,1.1099018656618158,0.6067204805305046
20230613,0.9328982882730669,1.1099018656618158,0.6067204805305046
20230614,0.9328982882730669,1.1099018656618158,0.6067204805305046
20230615,0.9328982882730669,1.1099018656618158,0.6067204805305046
20230616,0.9328982882730669,1.1099018656618158,0.6067204805305046
20230619,0.9328982882730669,1.1099018656618158,0.6067204805305046
20230620,0.9328982882730669,1.1099018656618158,0.6067204805305046
20230621,0.9328982882730669,1.1099018656618158,0.6067204805305046
20230626,0.9328982882730669,1.1099018656618158,0.6067204805305046
20230627,0.9328982882730669,1.1099018656618158,0.6067204805305046
20230628,0.9328982882730669,1.1099018656618158,0.6067204805305046
20230629,0.9328982882730669,1.1099018656618158,0.6067204805305046
20230630,0.9328982882730669,1.1099018656618158,0.6067204805305046
20230703,0.9328982882730669,1.1099018656618158,0.6067204805305046
20230704,0.9328982882730669,1.1099018656618158,0.6067204805305046
20230705,0.9328982882730669,1.1099018656618158,0.6067204805305046
20230706,0.9328982882730669,1.1099018656618158,0.6067204805305046
20230707,0.9328982882730669,1.1099018656618158,0.6067204805305046
20230710,0.9328982882730669,1.1099018656618158,0.6067204805305046
20230711,0.9328982882730669,1.1099018656618158,0.6067204805305046
20230712,0.9328982882730669,1.1099018656618158,0.6067204805305046
20230713,0.9328982882730669,1.1099018656618158,0.6067204805305046
20230714,0.9328982882730669,1.1099018656618158,0.6067204805305046
20230717,0.9328982882730669,1.1099018656618158,0.6067204805305046
20230718,0.9328982882730669,1.1099018656618158,0.6067204805305046
20230719,0.9328982882730669,1.1099018656618158,0.6067204805305046
20230720,0.9328982882730669,1.1099018656618158,0.6067204805305046
20230721,0.9328982882730669,1.1099018656618158,0.6067204805305046
20230724,0.9328982882730669,1.1099018656618158,0.6067204805305046
20230725,0.9328982882730669,1.1099018656618158,0.6067204805305046
20230726,0.9328982882730669,1.1099018656618158,0.6067204805305046
20230727,0.9328982882730669,1.1099018656618158,0.6067204805305046
20230728,0.9328982882730669,1.1099018656618158,0.6067204805305046
20230731,0.9328982882730669,1.1099018656618158,0.6067204805305046
20230801,0.9328982882730669,1.1099018656618158,0.6067204805305046
20230802,0.9328982882730669,1.1099018656618158,0.6067204805305046
20230803,0.9328982882730669,1.1099018656618158,0.6067204805305046
20230804,0.9328982882730669,1.1099018656618158,0.6067204805305046
20230807,0.9328982882730669,1.1099018656618158,0.6067204805305046
20230808,0.9328982882730669,1.1099018656618158,0.6067204805305046
20230809,0.9328982882730669,1.1099018656618158,0.6067204805305046
20230810,0.9328982882730669,1.1099018656618158,0.6067204805305046
20230811,0.9328982882730669,1.1099018656618158,0.6067204805305046
20230814,0.9328982882730669,1.1099018656618158,0.6067204805305046
20230815,0.9328982882730669,1.1099018656618158,0.6067204805305046
20230816,0.9328982882730669,1.1099018656618158,0.6067204805305046
20230817,0.9328982882730669,1.1099018656618158,0.6067204805305046
20230818,0.9328982882730669,1.1099018656618158,0.6067204805305046
20230821,0.9328982882730669,1.1099018656618158,0.6067204805305046
20230822,0.9328982882730669,1.1099018656618158,0.6067204805305046
20230823,0.9328982882730669,1.1099018656618158,0.6067204805305046
20230824,0.9328982882730669,1.1099018656618158,0.6067204805305046
20230825,0.9328982882730669,1.1099018656618158,0.6067204805305046
20230828,0.9328982882730669,1.1099018656618158,0.6067204805305046
20230829,0.9328982882730669,1.1099018656618158,0.6067204805305046
20230830,0.9328982882730669,1.1099018656618158,0.6067204805305046
20230831,0.9328982882730669,1.1099018656618158,0.6067204805305046
20230901,0.9328982882730669,1.1099018656618158,0.6067204805305046
20230904,0.9328982882730669,1.1099018656618158,0.6067204805305046
20230905,0.9328982882730669,1.1099018656618158,0.6067204805305046
20230906,0.9328982882730669,1.1099018656618158,0.6067204805305046
20230907,0.9328982882730669,1.1099018656618158,0.6067204805305046
20230908,0.9328982882730669,1.1099018656618158,0.6067204805305046
20230911,0.9328982882730669,1.1099018656618158,0.6067204805305046
20230912,0.9328982882730669,1.1099018656618158,0.6067204805305046
20230913,0.9328982882730669,1.1099018656618158,0.6067204805305046
20230914,0.9328982882730669,1.1099018656618158,0.6067204805305046
20230915,0.9328982882730669,1.1099018656618158,0.6067204805305046
20230918,0.9328982882730669,1.1099018656618158,0.6067204805305046
20230919,0.9328982882730669,1.1099018656618158,0.6067204805305046
20230920,0.9328982882730669,1.1099018656618158,0.6067204805305046
20230921,0.9328982882730669,1.1099018656618158,0.6067204805305046
20230922,0.9328982882730669,1.1099018656618158,0.6067204805305046
20230925,0.9328982882730669,1.1099018656618158,0.6067204805305046
20230926,0.9328982882730669,1.1099018656618158,0.6067204805305046
20230927,0.9328982882730669,1.1099018656618158,0.6067204805305046
20230928,0.9328982882730669,1.1099018656618158,0.6067204805305046
20231009,0.9328982882730669,1.1099018656618158,0.6067204805305046
20231010,0.9328982882730669,1.1099018656618158,0.6067204805305046
20231011,0.9328982882730669,1.1099018656618158,0.6067204805305046
20231012,0.9328982882730669,1.1099018656618158,0.6067204805305046
20231013,0.9328982882730669,1.1099018656618158,0.6067204805305046
20231016,0.9328982882730669,1.1099018656618158,0.6067204805305046
20231017,0.9328982882730669,1.1099018656618158,0.6067204805305046
20231018,0.9328982882730669,1.1099018656618158,0.6067204805305046
20231019,0.9328982882730669,1.1099018656618158,0.6067204805305046
20231020,0.9328982882730669,1.1099018656618158,0.6067204805305046
20231023,0.9328982882730669,1.1099018656618158,0.6067204805305046
20231024,0.9328982882730669,1.1099018656618158,0.6067204805305046
20231025,0.9328982882730669,1.1099018656618158,0.6067204805305046
20231026,0.9328982882730669,1.1099018656618158,0.6067204805305046
20231027,0.9328982882730669,1.1099018656618158,0.6067204805305046
20231030,0.9328982882730669,1.1099018656618158,0.6067204805305046
20231031,0.9328982882730669,1.1099018656618158,0.6067204805305046
20231101,0.9328982882730669,1.1099018656618158,0.6067204805305046
20231102,0.9328982882730669,1.1099018656618158,0.6067204805305046
20231103,0.9328982882730669,1.1099018656618158,0.6067204805305046
20231106,0.9328982882730669,1.1099018656618158,0.6067204805305046
20231107,0.9328982882730669,1.1099018656618158,0.6067204805305046
20231108,0.9328982882730669,1.1099018656618158,0.6067204805305046
20231109,0.9328982882730669,1.1099018656618158,0.6067204805305046
20231110,0.9328982882730669,1.1099018656618158,0.6067204805305046
20231113,0.9328982882730669,1.1099018656618158,0.6067204805305046
20231114,0.9328982882730669,1.1099018656618158,0.6067204805305046
20231115,0.9328982882730669,1.1099018656618158,0.6067204805305046
20231116,0.9328982882730669,1.1099018656618158,0.6067204805305046
20231117,0.9328982882730669,1.1099018656618158,0.6067204805305046
20231120,0.9328982882730669,1.1099018656618158,0.6067204805305046
20231121,0.9328982882730669,1.1099018656618158,0.6067204805305046
20231122,0.9328982882730669,1.1099018656618158,0.6067204805305046
20231123,0.9328982882730669,1.1099018656618158,0.6067204805305046
20231124,0.9328982882730669,1.1099018656618158,0.6067204805305046
20231127,0.9328982882730669,1.1099018656618158,0.6067204805305046
20231128,0.9328982882730669,1.1099018656618158,0.6067204805305046
20231129,0.9328982882730669,1.1099018656618158,0.6067204805305046
20231130,0.915014768456681,1.0834504956933066,0.5802691105619953
20231201,0.9125422398787202,1.0797933986092403,0.5766120134779289
20231204,0.9125422398787202,1.0797933986092403,0.5766120134779289
20231205,0.9125422398787202,1.0797933986092403,0.5766120134779289
20231206,0.9125422398787202,1.0797933986092403,0.5766120134779289
20231207,0.9125422398787202,1.0797933986092403,0.5766120134779289
20231208,0.9306234609956914,1.1065271176575981,0.6033457325262869
20231211,0.9427288797877369,1.1244254035563035,0.6212440184249922
20231212,0.9392904609399976,1.119341580796138,0.6161601956648267
20231213,0.9543539308241474,1.1416134488945977,0.6384320637632863
20231214,0.9545441593080495,1.1420287350640477,0.6388473499327365
20231215,0.9545441593080495,1.1682956644957236,0.6651142793644124
20231218,0.9545441593080495,1.1609882802534592,0.6578068951221481
20231219,0.9545441593080495,1.1609882802534592,0.6578068951221481
20231220,0.9545441593080495,1.1609882802534592,0.6578068951221481
20231221,0.9545441593080495,1.1609882802534592,0.6578068951221481
20231222,0.9545441593080495,1.1609882802534592,0.6578068951221481
20231225,0.9545441593080495,1.1609882802534592,0.6578068951221481
20231226,0.9545441593080495,1.1609882802534592,0.6578068951221481
20231227,0.9545441593080495,1.1609882802534592,0.6578068951221481
20231228,0.9545441593080495,1.1609882802534592,0.6578068951221481
20231229,0.9545441593080495,1.1609882802534592,0.6578068951221481
20240102,0.9545441593080495,1.1609882802534592,0.6578068951221481
20240103,0.9545441593080495,1.1609882802534592,0.6578068951221481
20240104,0.9545441593080495,1.1609882802534592,0.6578068951221481
20240105,0.9545441593080495,1.1609882802534592,0.6578068951221481
20240108,0.9545441593080495,1.1609882802534592,0.6578068951221481
20240109,0.9545441593080495,1.1609882802534592,0.6578068951221481
20240110,0.9545441593080495,1.1609882802534592,0.6578068951221481
20240111,0.9545441593080495,1.1609882802534592,0.6578068951221481
20240112,0.9545441593080495,1.1609882802534592,0.6578068951221481
20240115,0.9545441593080495,1.1609882802534592,0.6578068951221481
20240116,0.9545441593080495,1.1609882802534592,0.6578068951221481
20240117,0.9545441593080495,1.1609882802534592,0.6578068951221481
20240118,0.9545441593080495,1.1609882802534592,0.6578068951221481
20240119,0.9545441593080495,1.1609882802534592,0.6578068951221481
20240122,0.9545441593080495,1.1609882802534592,0.6578068951221481
20240123,0.9545441593080495,1.1609882802534592,0.6578068951221481
20240124,0.9545441593080495,1.1609882802534592,0.6578068951221481
20240125,0.9545441593080495,1.1609882802534592,0.6578068951221481
20240126,0.9545441593080495,1.1609882802534592,0.6578068951221481
20240129,0.9545441593080495,1.1609882802534592,0.6578068951221481
20240130,0.9545441593080495,1.1609882802534592,0.6578068951221481
20240131,0.9545441593080495,1.1609882802534592,0.6578068951221481
20240201,0.9545441593080495,1.1609882802534592,0.6578068951221481
20240202,0.9545441593080495,1.1609882802534592,0.6578068951221481
20240205,0.9545441593080495,1.1609882802534592,0.6578068951221481
20240206,0.9545441593080495,1.1609882802534592,0.6578068951221481
20240207,0.9545441593080495,1.1609882802534592,0.6578068951221481
20240208,0.9545441593080495,1.1609882802534592,0.6578068951221481
20240219,0.9545441593080495,1.1609882802534592,0.6578068951221481
20240220,0.9545441593080495,1.1609882802534592,0.6578068951221481
20240221,0.9545441593080495,1.1609882802534592,0.6578068951221481
20240222,0.9545441593080495,1.1609882802534592,0.6578068951221481
20240223,0.9545441593080495,1.1609882802534592,0.6578068951221481
20240226,0.9545441593080495,1.1609882802534592,0.6578068951221481
20240227,0.9545441593080495,1.1609882802534592,0.6578068951221481
20240228,0.9545441593080495,1.1609882802534592,0.6578068951221481
20240229,0.9545441593080495,1.1609882802534592,0.6578068951221481
20240301,0.9545441593080495,1.1609882802534592,0.6578068951221481
20240304,0.9545441593080495,1.1609882802534592,0.6578068951221481
20240305,0.9545441593080495,1.1609882802534592,0.6578068951221481
20240306,0.9545441593080495,1.1609882802534592,0.6578068951221481
20240307,0.9545441593080495,1.1609882802534592,0.6578068951221481
20240308,0.9545441593080495,1.1609882802534592,0.6578068951221481
20240311,0.9545441593080495,1.1609882802534592,0.6578068951221481
20240312,0.9545441593080495,1.1609882802534592,0.6578068951221481
20240313,0.9545441593080495,1.1609882802534592,0.6578068951221481
20240314,0.9545441593080495,1.1609882802534592,0.6578068951221481
20240315,0.9545441593080495,1.1609882802534592,0.6578068951221481
20240318,0.9545441593080495,1.1609882802534592,0.6578068951221481
20240319,0.9545441593080495,1.1609882802534592,0.6578068951221481
20240320,0.9545441593080495,1.1609882802534592,0.6578068951221481
20240321,0.9545441593080495,1.1609882802534592,0.6578068951221481
20240322,0.9545441593080495,1.1609882802534592,0.6578068951221481
20240325,0.9545441593080495,1.1609882802534592,0.6578068951221481
20240326,0.9545441593080495,1.1609882802534592,0.6578068951221481
20240327,0.9545441593080495,1.1609882802534592,0.6578068951221481
20240328,0.9545441593080495,1.1609882802534592,0.6578068951221481
20240329,0.9545441593080495,1.1609882802534592,0.6578068951221481
20240401,0.9545441593080495,1.1609882802534592,0.6578068951221481
20240402,0.9545441593080495,1.1609882802534592,0.6578068951221481
20240403,0.9545441593080495,1.1609882802534592,0.6578068951221481
20240408,0.9545441593080495,1.1609882802534592,0.6578068951221481
20240409,0.9545441593080495,1.1609882802534592,0.6578068951221481
20240410,0.9545441593080495,1.1609882802534592,0.6578068951221481
20240411,0.9545441593080495,1.1609882802534592,0.6578068951221481
20240412,0.9545441593080495,1.1609882802534592,0.6578068951221481
20240415,0.9545441593080495,1.1609882802534592,0.6578068951221481
20240416,0.9545441593080495,1.1609882802534592,0.6578068951221481
20240417,0.9545441593080495,1.1609882802534592,0.6578068951221481
20240418,0.9545441593080495,1.1609882802534592,0.6578068951221481
20240419,0.9545441593080495,1.1609882802534592,0.6578068951221481
20240422,0.9545441593080495,1.1609882802534592,0.6578068951221481
20240423,0.9545441593080495,1.1609882802534592,0.6578068951221481
20240424,0.9545441593080495,1.1609882802534592,0.6578068951221481
20240425,0.9545441593080495,1.1609882802534592,0.6578068951221481
20240426,0.9545441593080495,1.1609882802534592,0.6578068951221481
20240429,0.9545441593080495,1.1609882802534592,0.6578068951221481
20240430,0.9545441593080495,1.1609882802534592,0.6578068951221481
20240506,0.9545441593080495,1.1609882802534592,0.6578068951221481
20240507,0.9545441593080495,1.1609882802534592,0.6578068951221481
20240508,0.9545441593080495,1.1609882802534592,0.6578068951221481
20240509,0.9545441593080495,1.1609882802534592,0.6578068951221481
20240510,0.9545441593080495,1.1609882802534592,0.6578068951221481
20240513,0.9545441593080495,1.1609882802534592,0.6578068951221481
20240514,0.9545441593080495,1.1781124856882883,0.6749311005569769
20240515,0.9545441593080495,1.1740611818466007,0.6708797967152895
20240516,0.9545441593080495,1.1642349166278154,0.6610535314965043
20240517,0.9545441593080495,1.1659814251828675,0.6628000400515563
20240520,0.9545441593080495,1.169924114644681,0.6667427295133699
20240521,0.9545441593080495,1.1834117595957951,0.6802303744644838
20240522,0.9545441593080495,1.1918568411261836,0.6886754559948725
20240523,0.9545441593080495,1.2030591520227327,0.6998777668914216
20240524,0.9545441593080495,1.2060239199365983,0.7028425348052871
20240527,0.9545441593080495,1.219052544289328,0.7158711591580167
20240528,0.9545441593080495,1.2172927740749289,0.7141113889436177
20240529,0.9545441593080495,1.2172927740749289,0.7141113889436177
20240530,0.9545441593080495,1.2172927740749289,0.7141113889436177
20240531,0.9545441593080495,1.2172927740749289,0.7141113889436177
20240603,0.9545441593080495,1.2172927740749289,0.7141113889436177
20240604,0.9545441593080495,1.2172927740749289,0.7141113889436177
20240605,0.9545441593080495,1.2172927740749289,0.7141113889436177
20240606,0.9545441593080495,1.2172927740749289,0.7141113889436177
20240607,0.9545441593080495,1.2172927740749289,0.7141113889436177
20240611,0.9545441593080495,1.2172927740749289,0.7141113889436177
20240612,0.9545441593080495,1.2172927740749289,0.7141113889436177
20240613,0.9545441593080495,1.2172927740749289,0.7141113889436177
20240614,0.9545441593080495,1.2172927740749289,0.7141113889436177
20240617,0.9545441593080495,1.2172927740749289,0.7141113889436177
20240618,0.9545441593080495,1.2172927740749289,0.7141113889436177
20240619,0.9545441593080495,1.2172927740749289,0.7141113889436177
20240620,0.9545441593080495,1.2172927740749289,0.7141113889436177
20240621,0.9545441593080495,1.2172927740749289,0.7141113889436177
20240624,0.9545441593080495,1.2172927740749289,0.7141113889436177
20240625,0.9545441593080495,1.2172927740749289,0.7141113889436177
20240626,0.9545441593080495,1.2172927740749289,0.7141113889436177
20240627,0.9545441593080495,1.2172927740749289,0.7141113889436177
20240628,0.9545441593080495,1.2172927740749289,0.7141113889436177
20240701,0.9545441593080495,1.2172927740749289,0.7141113889436177
20240702,0.9545441593080495,1.2172927740749289,0.7141113889436177
20240703,0.9545441593080495,1.2172927740749289,0.7141113889436177
20240704,0.9545441593080495,1.2172927740749289,0.7141113889436177
20240705,0.9545441593080495,1.2172927740749289,0.7141113889436177
20240708,0.9545441593080495,1.2172927740749289,0.7141113889436177
20240709,0.9545441593080495,1.2172927740749289,0.7141113889436177
20240710,0.9545441593080495,1.2172927740749289,0.7141113889436177
20240711,0.9545441593080495,1.2172927740749289,0.7141113889436177
20240712,0.9545441593080495,1.2172927740749289,0.7141113889436177
20240715,0.9545441593080495,1.2172927740749289,0.7141113889436177
20240716,0.9545441593080495,1.2172927740749289,0.7141113889436177
20240717,0.9545441593080495,1.2172927740749289,0.7141113889436177
20240718,0.9545441593080495,1.2172927740749289,0.7141113889436177
20240719,0.9545441593080495,1.2172927740749289,0.7141113889436177
20240722,0.9545441593080495,1.2172927740749289,0.7141113889436177
20240723,0.9545441593080495,1.2172927740749289,0.7141113889436177
20240724,0.9545441593080495,1.2172927740749289,0.7141113889436177
20240725,0.9545441593080495,1.2172927740749289,0.7141113889436177
20240726,0.9545441593080495,1.2172927740749289,0.7141113889436177
20240729,0.9545441593080495,1.2172927740749289,0.7141113889436177
20240730,0.9545441593080495,1.2172927740749289,0.7141113889436177
20240731,0.9545441593080495,1.2172927740749289,0.7141113889436177
20240801,0.9545441593080495,1.2172927740749289,0.7141113889436177
20240802,0.9545441593080495,1.2172927740749289,0.7141113889436177
20240805,0.9545441593080495,1.2172927740749289,0.7141113889436177
20240806,0.9545441593080495,1.2172927740749289,0.7141113889436177
20240807,0.9545441593080495,1.2172927740749289,0.7141113889436177
20240808,0.9545441593080495,1.2172927740749289,0.7141113889436177
20240809,0.9545441593080495,1.2172927740749289,0.7141113889436177
20240812,0.9545441593080495,1.2172927740749289,0.7141113889436177
20240813,0.9545441593080495,1.2172927740749289,0.7141113889436177
20240814,0.9545441593080495,1.2172927740749289,0.7141113889436177
20240815,0.9545441593080495,1.2172927740749289,0.7141113889436177
20240816,0.9545441593080495,1.2172927740749289,0.7141113889436177
20240819,0.9545441593080495,1.2172927740749289,0.7141113889436177
20240820,0.9545441593080495,1.2172927740749289,0.7141113889436177
20240821,0.9545441593080495,1.2172927740749289,0.7141113889436177
20240822,0.9545441593080495,1.2172927740749289,0.7141113889436177
20240823,0.9545441593080495,1.2172927740749289,0.7141113889436177
20240826,0.9545441593080495,1.2172927740749289,0.7141113889436177
20240827,0.9545441593080495,1.2172927740749289,0.7141113889436177
20240828,0.9545441593080495,1.2172927740749289,0.7141113889436177
20240829,0.9545441593080495,1.2172927740749289,0.7141113889436177
20240830,0.9545441593080495,1.2172927740749289,0.7141113889436177
20240902,0.9545441593080495,1.2172927740749289,0.7141113889436177
20240903,0.9545441593080495,1.2172927740749289,0.7141113889436177
20240904,0.9545441593080495,1.2172927740749289,0.7141113889436177
20240905,0.9545441593080495,1.2172927740749289,0.7141113889436177
20240906,0.9545441593080495,1.2172927740749289,0.7141113889436177
20240909,0.9545441593080495,1.211868862434861,0.7086874773035496
20240910,0.9545441593080495,1.173529906228498,0.6703485210971868
20240911,0.9675183845199793,1.2052383415959442,0.702056956464633
20240912,0.977360270831051,1.227970360009577,0.7247889748782659
20240913,0.9884259937228433,1.2535291003349354,0.7503477152036241
20240918,0.9931393642352433,1.2644156745028992,0.7612342893715879
20240919,0.9932336764539571,1.2646335094813443,0.7614521243500332
20240920,0.9809145437209015,1.236179741242549,0.7329983561112378
20240923,0.9723562495111988,1.2164124633635727,0.7132310782322614
20240924,0.980944068548676,1.236247935378045,0.7330665502467335
20240925,0.9885185509590446,1.2537428817921827,0.7505614966608716
20240926,0.9901995622554406,1.2576255500668823,0.754444164935571
20240927,0.9953225512493973,1.2694582289317513,0.7662768438004401
20240930,1.009683225096401,1.3026273889895161,0.7994460038582049
20241008,1.0318396902096736,1.3538026573290145,0.8506212721977033
20241009,1.0318396902096736,1.3538026573290145,0.8506212721977033
20241010,1.0318396902096736,1.3538026573290145,0.8506212721977033
20241011,1.0318396902096736,1.3538026573290145,0.8506212721977033
20241014,1.0318396902096736,1.3538026573290145,0.8506212721977033
20241015,1.0318396902096736,1.3538026573290145,0.8506212721977033
20241016,1.0318396902096736,1.3538026573290145,0.8506212721977033
20241017,1.0318396902096736,1.3538026573290145,0.8506212721977033
20241018,1.0318396902096736,1.3538026573290145,0.8506212721977033
20241021,1.0318396902096736,1.3538026573290145,0.8506212721977033
20241022,1.0318396902096736,1.3538026573290145,0.8506212721977033
20241023,1.0318396902096736,1.3538026573290145,0.8506212721977033
20241024,1.0318396902096736,1.3538026573290145,0.8506212721977033
20241025,1.0318396902096736,1.3538026573290145,0.8506212721977033
20241028,1.0318396902096736,1.3538026573290145,0.8506212721977033
20241029,1.0318396902096736,1.3538026573290145,0.8506212721977033
20241030,1.0318396902096736,1.3538026573290145,0.8506212721977033
20241031,1.0318396902096736,1.3538026573290145,0.8506212721977033
20241101,1.0318396902096736,1.3538026573290145,0.8506212721977033
20241104,1.0318396902096736,1.3538026573290145,0.8506212721977033
20241105,1.0318396902096736,1.3538026573290145,0.8506212721977033
20241106,1.0318396902096736,1.3538026573290145,0.8506212721977033
20241107,1.0318396902096736,1.3538026573290145,0.8506212721977033
20241108,1.0318396902096736,1.3538026573290145,0.8506212721977033
20241111,1.0318396902096736,1.3538026573290145,0.8506212721977033
20241112,1.0318396902096736,1.3538026573290145,0.8506212721977033
20241113,1.0318396902096736,1.3538026573290145,0.8506212721977033
20241114,1.0318396902096736,1.3538026573290145,0.8506212721977033
20241115,1.0318396902096736,1.3538026573290145,0.8506212721977033
20241118,1.0318396902096736,1.3538026573290145,0.8506212721977033
20241119,1.0318396902096736,1.3538026573290145,0.8506212721977033
20241120,1.0318396902096736,1.3538026573290145,0.8506212721977033
20241121,1.0318396902096736,1.3538026573290145,0.8506212721977033
20241122,1.0318396902096736,1.3538026573290145,0.8506212721977033
20241125,1.0318396902096736,1.3754814295345446,0.8723000444032332
20241126,1.0318396902096736,1.3612059373742773,0.8580245522429661
20241127,1.0318396902096736,1.3885132812717758,0.8853318961404646
20241128,1.0318396902096736,1.3981689348840671,0.8949875497527557
20241129,1.0318396902096736,1.3846081285677778,0.8814267434364667
20241202,1.0318396902096736,1.387039718366531,0.8838583332352197
20241203,1.0318396902096736,1.388155931996312,0.8849745468650008
20241204,1.0318396902096736,1.4016253615733754,0.898443976442064
20241205,1.0318396902096736,1.3815074802616094,0.878326095130298
20241206,1.0318396902096736,1.3709502065872137,0.8677688214559024
20241209,1.0318396902096736,1.3577347915542524,0.8545534064229412
20241210,1.0318396902096736,1.340219186190932,0.8370378010596208
20241211,1.0243173120018623,1.3257800570016842,0.822598671870373
20241212,1.0160490578303947,1.3084449670949954,0.805263581963684
20241213,1.0229433419385394,1.322899413266881,0.8197180281355697
20241216,1.0239210258586608,1.3249492097903253,0.8217678246590141
20241217,1.0276398409379248,1.3327460182106388,0.8295646330793276
20241218,1.0301300047907063,1.337966856053205,0.8347854709218939
20241219,1.0179194049204774,1.3123663069922595,0.8091849218609484
20241220,1.018809119464463,1.3142316683238577,0.8110502831925465
20241223,0.9981121976611967,1.2708388319631376,0.7676574468318265
20241224,0.9918232237382942,1.2576534694774817,0.7544720843461704
20241225,0.9899695476337681,1.2537670817028133,0.7505856965715021
20241226,0.9942158321348297,1.2626697741054365,0.7594883889741253
20241227,0.9955412764237553,1.2654486794751,0.7622672943437888
20241230,0.9799961671816104,1.2328570512143482,0.7296756660830369
20241231,0.9776898101746352,1.2280215798749685,0.7248401947436571
20250102,0.9776898101746352,1.2280215798749685,0.7248401947436571
20250103,0.9776898101746352,1.2280215798749685,0.7248401947436571
20250106,0.9776898101746352,1.2280215798749685,0.7248401947436571
20250107,0.9776898101746352,1.2280215798749685,0.7248401947436571
20250108,0.9776898101746352,1.2280215798749685,0.7248401947436571
20250109,0.9776898101746352,1.2280215798749685,0.7248401947436571
20250110,0.9776898101746352,1.2280215798749685,0.7248401947436571
20250113,0.9776898101746352,1.2280215798749685,0.7248401947436571
20250114,0.9776898101746352,1.2280215798749685,0.7248401947436571
20250115,0.9776898101746352,1.2280215798749685,0.7248401947436571
20250116,0.9776898101746352,1.2280215798749685,0.7248401947436571
20250117,0.9776898101746352,1.2280215798749685,0.7248401947436571
20250120,0.9776898101746352,1.2280215798749685,0.7248401947436571
20250121,0.9776898101746352,1.2280215798749685,0.7248401947436571
20250122,0.9776898101746352,1.2280215798749685,0.7248401947436571
20250123,0.9776898101746352,1.2280215798749685,0.7248401947436571
20250124,0.9776898101746352,1.2280215798749685,0.7248401947436571
20250127,0.9776898101746352,1.2280215798749685,0.7248401947436571
20250205,0.9776898101746352,1.2280215798749685,0.7248401947436571
20250206,0.9776898101746352,1.2280215798749685,0.7248401947436571
20250207,0.9776898101746352,1.2280215798749685,0.7248401947436571
20250210,0.9776898101746352,1.2280215798749685,0.7248401947436571
20250211,0.9776898101746352,1.2280215798749685,0.7248401947436571
20250212,0.9776898101746352,1.2280215798749685,0.7248401947436571
20250213,0.9776898101746352,1.2280215798749685,0.7248401947436571
20250214,0.9776898101746352,1.2280215798749685,0.7248401947436571
20250217,0.9842714788535215,1.2367244226288279,0.7335430374975167
20250218,0.9812764234177682,1.2327641053038203,0.729582720172509
20250219,0.9724476792110627,1.2210899879494344,0.717908602818123
20250220,0.9768198373082995,1.2268712276732339,0.7236898425419227
20250221,0.9811782752441432,1.232634325431373,0.7294529403000618
20250224,0.99618395011755,1.2524761064766163,0.7492947213453052
20250225,0.9831252840602878,1.2352088262751546,0.7320274411438433
20250226,0.9958100342528404,1.251981683081501,0.7488002979501897
20250227,1.0023717140428667,1.260658094824463,0.7574767096931518
20250228,1.0013725938167215,1.259336972986739,0.7561555878554278
20250303,1.0013725938167215,1.259336972986739,0.7561555878554278
20250304,1.0013725938167215,1.259336972986739,0.7561555878554278
20250305,1.0013725938167215,1.259336972986739,0.7561555878554278
20250306,1.0013725938167215,1.259336972986739,0.7561555878554278
20250307,1.0013725938167215,1.259336972986739,0.7561555878554278
20250310,1.0013725938167215,1.259336972986739,0.7561555878554278
20250311,1.0013725938167215,1.259336972986739,0.7561555878554278
20250312,1.0013725938167215,1.259336972986739,0.7561555878554278
20250313,1.0013725938167215,1.259336972986739,0.7561555878554278
20250314,1.0013725938167215,1.259336972986739,0.7561555878554278
20250317,1.0013725938167215,1.259336972986739,0.7561555878554278
20250318,1.0013725938167215,1.259336972986739,0.7561555878554278
20250319,1.0013725938167215,1.259336972986739,0.7561555878554278
20250320,1.0013725938167215,1.259336972986739,0.7561555878554278
20250321,1.0013725938167215,1.259336972986739,0.7561555878554278
20250324,1.0013725938167215,1.259336972986739,0.7561555878554278
20250325,1.0013725938167215,1.259336972986739,0.7561555878554278
20250326,1.0013725938167215,1.259336972986739,0.7561555878554278
20250327,1.0013725938167215,1.259336972986739,0.7561555878554278
20250328,1.0013725938167215,1.259336972986739,0.7561555878554278
20250331,1.0013725938167215,1.259336972986739,0.7561555878554278
20250401,0.997297272938769,1.254387518895736,0.7512061337644248
20250402,0.9905849244865799,1.2462354097730757,0.7430540246417644
20250403,0.9805755950361109,1.2340791359285213,0.7308977507972101
20250407,0.9602506234340853,1.2093945732013511,0.70621318807004
20250408,0.9666277797112809,1.217139593328696,0.7139582081973848
20250409,0.9666277797112809,1.217139593328696,0.7139582081973848
20250410,0.9666277797112809,1.217139593328696,0.7139582081973848
20250411,0.9666277797112809,1.217139593328696,0.7139582081973848
20250414,0.9666277797112809,1.217139593328696,0.7139582081973848
20250415,0.9666277797112809,1.217139593328696,0.7139582081973848
20250416,0.9666277797112809,1.217139593328696,0.7139582081973848
20250417,0.9666277797112809,1.217139593328696,0.7139582081973848
20250418,0.9666277797112809,1.217139593328696,0.7139582081973848
20250421,0.9666277797112809,1.217139593328696,0.7139582081973848
20250422,0.9666277797112809,1.217139593328696,0.7139582081973848
20250423,0.9666277797112809,1.217139593328696,0.7139582081973848
20250424,0.9666277797112809,1.217139593328696,0.7139582081973848
20250425,0.9666277797112809,1.217139593328696,0.7139582081973848
20250428,0.9666277797112809,1.217139593328696,0.7139582081973848
20250429,0.9666277797112809,1.217139593328696,0.7139582081973848
20250430,0.9666277797112809,1.217139593328696,0.7139582081973848
20250506,0.9666277797112809,1.217139593328696,0.7139582081973848
20250507,0.9666277797112809,1.217139593328696,0.7139582081973848
20250508,0.9666277797112809,1.217139593328696,0.7139582081973848
20250509,0.9666277797112809,1.217139593328696,0.7139582081973848
20250512,0.9666277797112809,1.217139593328696,0.7139582081973848
20250513,0.9666277797112809,1.217139593328696,0.7139582081973848
20250514,0.9666277797112809,1.217139593328696,0.7139582081973848
20250515,0.9840485721352068,1.2389701239130313,0.73578873878172
20250516,0.9924663771631813,1.2495187341969,0.7463373490655888
20250519,0.9878284207070998,1.243706768368971,0.7405253832376597
20250520,0.9878284207070998,1.243706768368971,0.7405253832376597
20250521,0.9878284207070998,1.243706768368971,0.7405253832376597
20250522,0.9878284207070998,1.243706768368971,0.7405253832376597
20250523,0.9878284207070998,1.243706768368971,0.7405253832376597
20250526,0.9878284207070998,1.243706768368971,0.7405253832376597
20250527,0.9878284207070998,1.243706768368971,0.7405253832376597
20250528,0.9878284207070998,1.243706768368971,0.7405253832376597
20250529,0.9878284207070998,1.243706768368971,0.7405253832376597
20250530,0.9878284207070998,1.243706768368971,0.7405253832376597
20250603,0.9878284207070998,1.243706768368971,0.7405253832376597
20250604,0.9878284207070998,1.243706768368971,0.7405253832376597
20250605,0.9863443207364698,1.2417927414094458,0.7386113562781345
20250606,0.9879605411242819,1.2438771625778482,0.740695777446537
20250609,0.9820171544012034,1.2362120438904411,0.7330306587591298
20250610,0.9863335913932691,1.241778903896778,0.7385975187654668
20250611,0.9842279229337763,1.2390632470818395,0.7358818619505282
20250612,0.9818258667737032,1.2359653423990964,0.7327839572677852
20250613,0.9485835753915426,1.1930931348921865,0.6899117497608753
20250616,0.9432687037575922,1.1862386050120475,0.6830572198807362
20250617,0.9432687037575922,1.1862386050120475,0.6830572198807362
20250618,0.9432687037575922,1.1862386050120475,0.6830572198807362
20250619,0.9432687037575922,1.1862386050120475,0.6830572198807362
20250620,0.9432687037575922,1.1862386050120475,0.6830572198807362
20250623,0.9432687037575922,1.1862386050120475,0.6830572198807362
20250624,0.9432687037575922,1.1862386050120475,0.6830572198807362
20250625,0.9432687037575922,1.1862386050120475,0.6830572198807362
20250626,0.9432687037575922,1.1862386050120475,0.6830572198807362
20250627,0.9432687037575922,1.1862386050120475,0.6830572198807362
20250630,0.9432687037575922,1.1862386050120475,0.6830572198807362
20250701,0.9432687037575922,1.1862386050120475,0.6830572198807362
20250702,0.9432687037575922,1.1862386050120475,0.6830572198807362
20250703,0.9432687037575922,1.1862386050120475,0.6830572198807362
20250704,0.9432687037575922,1.1862386050120475,0.6830572198807362
20250707,0.9432687037575922,1.1862386050120475,0.6830572198807362
20250708,0.9432687037575922,1.1862386050120475,0.6830572198807362
20250709,0.9432687037575922,1.1862386050120475,0.6830572198807362
20250710,0.9432687037575922,1.1862386050120475,0.6830572198807362
20250711,0.9432687037575922,1.1862386050120475,0.6830572198807362
20250714,0.9432687037575922,1.1862386050120475,0.6830572198807362
20250715,0.9432687037575922,1.1862386050120475,0.6830572198807362
20250716,0.9432687037575922,1.1862386050120475,0.6830572198807362
20250717,0.9432687037575922,1.1862386050120475,0.6830572198807362
20250718,0.9432687037575922,1.1862386050120475,0.6830572198807362
20250721,0.9432687037575922,1.1862386050120475,0.6830572198807362
20250722,0.9432687037575922,1.1862386050120475,0.6830572198807362
20250723,0.9555147018904336,1.2016309356854968,0.6984495505541857
20250724,0.9331769395180093,1.1735539899591043,0.6703726048277932
20250725,0.9215737789302667,1.1589696594140344,0.6557882742827232
20250728,0.9212024699219532,1.1585029509451947,0.6553215658138836
20250729,0.9212024699219532,1.1585029509451947,0.6553215658138836
20250730,0.9212024699219532,1.1585029509451947,0.6553215658138836
20250731,0.9212024699219532,1.1585029509451947,0.6553215658138836
20250801,0.9212024699219532,1.1585029509451947,0.6553215658138836
20250804,0.9212024699219532,1.1585029509451947,0.6553215658138836
20250805,0.9212024699219532,1.1585029509451947,0.6553215658138836
20250806,0.9212024699219532,1.1585029509451947,0.6553215658138836
20250807,0.9212024699219532,1.1585029509451947,0.6553215658138836
20250808,0.9212024699219532,1.1585029509451947,0.6553215658138836
20250811,0.9212024699219532,1.1585029509451947,0.6553215658138836
20250812,0.9212024699219532,1.1585029509451947,0.6553215658138836
20250813,0.9212024699219532,1.1585029509451947,0.6553215658138836
20250814,0.9212024699219532,1.1585029509451947,0.6553215658138836
20250815,0.9040881618505372,1.1395077069885422,0.636326321857231
20250818,0.8999561369277004,1.1349215547984137,0.6317401696671028
20250819,0.902757289843604,1.1380305664379988,0.6348491813066879
20250820,0.9141904677632307,1.150720299664541,0.6475389145332298
20250821,0.9117914473312535,1.1480576165941976,0.6448762314628864
20250822,0.9018242623709689,1.1369949952430078,0.6338136101116967
20250825,0.9051944170514397,1.1407355443823632,0.6375541592510521
20250826,0.893238140675894,1.1274652219352657,0.6242838368039545
20250827,0.8860088626783462,1.1194414152688872,0.616260030137576
20250828,0.8872707388747019,1.120841977073247,0.6176605919419358
20250829,0.8916389245051184,1.1256902450459552,0.6225088599146439
20250901,0.9082506746800304,1.1441276978370754,0.6409463127057641
20250902,0.9045528097104891,1.1400234216418539,0.6368420365105427
20250903,0.9098294832954612,1.145880024293151,0.6426986391618398
20250904,0.9110968511089982,1.1472866812669817,0.6441052961356706
20250905,0.9286826699047214,1.1668052569995389,0.6636238718682278
20250908,0.9262757335914915,1.1641337880586304,0.6609524029273193
20250909,0.9262757335914915,1.1641337880586304,0.6609524029273193
20250910,0.9262757335914915,1.1641337880586304,0.6609524029273193
20250911,0.9262757335914915,1.1641337880586304,0.6609524029273193
20250912,0.9262757335914915,1.1641337880586304,0.6609524029273193
20250915,0.9262757335914915,1.1641337880586304,0.6609524029273193
20250916,0.9262757335914915,1.1641337880586304,0.6609524029273193
20250917,0.9262757335914915,1.1641337880586304,0.6609524029273193
20250918,0.9262757335914915,1.1641337880586304,0.6609524029273193
20250919,0.9262757335914915,1.1641337880586304,0.6609524029273193
20250922,0.9262757335914915,1.1641337880586304,0.6609524029273193
20250923,0.9262757335914915,1.1641337880586304,0.6609524029273193
20250924,0.9262757335914915,1.1641337880586304,0.6609524029273193
20250925,0.9262757335914915,1.1641337880586304,0.6609524029273193
20250926,0.9262757335914915,1.1641337880586304,0.6609524029273193
20250929,0.9262757335914915,1.1641337880586304,0.6609524029273193
20250930,0.9262757335914915,1.1641337880586304,0.6609524029273193
20251009,0.9262757335914915,1.1641337880586304,0.6609524029273193
20251010,0.9262757335914915,1.1641337880586304,0.6609524029273193
20251013,0.9262757335914915,1.1641337880586304,0.6609524029273193
20251014,0.9523449997163873,1.1979840896718688,0.6948027045405575
20251015,0.9360857350032866,1.1768718338871793,0.6736904487558681
20251016,0.9275365343535473,1.165770906873764,0.6625895217424529
20251017,0.9437211031764032,1.1867861718800425,0.6836047867487314
20251020,0.9493676189681679,1.1941180339163358,0.6909366487850246
20251021,0.9503949036492988,1.195451937837234,0.6922705527059227
20251022,0.9638354328983528,1.2129041348704117,0.7097227497391005
20251023,0.9658107472304202,1.2154690320025783,0.7122876468712671
20251024,0.9658107472304202,1.2154690320025783,0.7122876468712671
20251027,0.9658107472304202,1.2154690320025783,0.7122876468712671
20251028,0.9658107472304202,1.2154690320025783,0.7122876468712671
20251029,0.9658107472304202,1.2154690320025783,0.7122876468712671
20251030,0.9658107472304202,1.2154690320025783,0.7122876468712671
20251031,0.9644994421597635,1.2135439660902432,0.710362580958932
20251103,0.9439031749979501,1.1833075453504849,0.6801261602191737
20251104,0.9288122920018926,1.1611533227421644,0.6579719376108533
20251105,0.9596422340416016,1.2064133250314786,0.7032319399001674
20251106,0.9525254464957673,1.195965500633945,0.6927841155026337
20251107,0.9452677469303755,1.1853108098621716,0.6821294247308605
20251110,0.9364861223726695,1.172418915771883,0.6692375306405718
20251111,0.9342328261221544,1.1691109564729176,0.6659295713416065
20251112,0.9447248024643703,1.1845137383742423,0.6813323532429312
20251113,0.9361434685818316,1.1719158816974824,0.6687344965661712
20251114,0.9021661744177802,1.1220353983132139,0.6188540131819027
20251117,0.8871172165851766,1.0999427240850834,0.5967613389537723
20251118,0.9022683353699479,1.1221853760498903,0.6190039909185793
20251119,0.8812353530245074,1.0913078340850166,0.5881264489537055
20251120,0.8867152855117392,1.0993526677923893,0.5961712826610782
20251121,0.8906630175396891,1.1051481493535444,0.6019667642222333
20251124,0.9348406292096471,1.1700032438828627,0.6668218587515515
20251125,0.9376588374362136,1.1741405241483227,0.6709591390170117
20251126,0.9447935107657969,1.1846146058321136,0.6814332207008025
20251127,0.9447935107657969,1.1846146058321136,0.6814332207008025
20251128,0.9447935107657969,1.1846146058321136,0.6814332207008025
20251201,0.9447935107657969,1.1846146058321136,0.6814332207008025
20251202,0.9447935107657969,1.1846146058321136,0.6814332207008025
20251203,0.9447935107657969,1.1846146058321136,0.6814332207008025
20251204,0.9447935107657969,1.1846146058321136,0.6814332207008025
20251205,0.9447935107657969,1.1846146058321136,0.6814332207008025
20251208,0.9447935107657969,1.1846146058321136,0.6814332207008025
20251209,0.9447935107657969,1.1846146058321136,0.6814332207008025
20251210,0.9447935107657969,1.1846146058321136,0.6814332207008025
20251211,0.9447935107657969,1.1846146058321136,0.6814332207008025
20251212,0.9447935107657969,1.1846146058321136,0.6814332207008025
20251215,0.9447935107657969,1.1846146058321136,0.6814332207008025
20251216,0.9447935107657969,1.1846146058321136,0.6814332207008025
20251217,0.9447935107657969,1.1846146058321136,0.6814332207008025
20251218,0.9447935107657969,1.1846146058321136,0.6814332207008025
20251219,0.9447935107657969,1.1846146058321136,0.6814332207008025
20251222,0.9139201623967756,1.1519819265991442,0.648800541467833
20251223,0.9145205442052914,1.1526165214199076,0.6494351362885964
20251224,0.9145205442052914,1.1526165214199076,0.6494351362885964
20251225,0.9145205442052914,1.1526165214199076,0.6494351362885964
20251226,0.9145205442052914,1.1526165214199076,0.6494351362885964
20251229,0.9145205442052914,1.1526165214199076,0.6494351362885964
20251230,0.9145205442052914,1.1526165214199076,0.6494351362885964
20251231,0.9145205442052914,1.1526165214199076,0.6494351362885964
20260105,0.9145205442052914,1.1526165214199076,0.6494351362885964
20260106,0.9145205442052914,1.1526165214199076,0.6494351362885964
20260107,0.9145205442052914,1.1526165214199076,0.6494351362885964
20260108,0.9145205442052914,1.1526165214199076,0.6494351362885964
20260109,0.9145205442052914,1.1526165214199076,0.6494351362885964
20260112,0.9145205442052914,1.1526165214199076,0.6494351362885964
20260113,0.9145205442052914,1.1526165214199076,0.6494351362885964
20260114,0.9145205442052914,1.1526165214199076,0.6494351362885964
20260115,0.9145205442052914,1.1526165214199076,0.6494351362885964
20260116,0.9145205442052914,1.1526165214199076,0.6494351362885964
20260119,0.9145205442052914,1.1526165214199076,0.6494351362885964
20260120,0.9145205442052914,1.1526165214199076,0.6494351362885964
20260121,0.9145205442052914,1.1526165214199076,0.6494351362885964
20260122,0.9145205442052914,1.1526165214199076,0.6494351362885964
20260123,0.9145205442052914,1.1526165214199076,0.6494351362885964
20260126,0.9145205442052914,1.1526165214199076,0.6494351362885964
20260127,0.9145205442052914,1.1526165214199076,0.6494351362885964
20260128,0.9145205442052914,1.1526165214199076,0.6494351362885964
20260129,0.9145205442052914,1.1526165214199076,0.6494351362885964
20260130,0.9145205442052914,1.1526165214199076,0.6494351362885964
20260202,0.9145205442052914,1.1526165214199076,0.6494351362885964
20260203,0.9145205442052914,1.1526165214199076,0.6494351362885964
20260204,0.9145205442052914,1.1526165214199076,0.6494351362885964
20260205,0.9145205442052914,1.1526165214199076,0.6494351362885964
20260206,0.9145205442052914,1.1526165214199076,0.6494351362885964
20260209,0.9145205442052914,1.1526165214199076,0.6494351362885964
20260210,0.9145205442052914,1.1526165214199076,0.6494351362885964
20260211,0.9145205442052914,1.1526165214199076,0.6494351362885964
20260212,0.9145205442052914,1.1526165214199076,0.6494351362885964
20260213,0.9145205442052914,1.1526165214199076,0.6494351362885964
20260224,0.9145205442052914,1.1526165214199076,0.6494351362885964
20260225,0.9145205442052914,1.1526165214199076,0.6494351362885964
20260226,0.9145205442052914,1.1526165214199076,0.6494351362885964
20260227,0.9145205442052914,1.1526165214199076,0.6494351362885964
20260302,0.9145205442052914,1.1526165214199076,0.6494351362885964
20260303,0.9145205442052914,1.1526165214199076,0.6494351362885964
20260304,0.9510991133674319,1.1877703552836563,0.6845889701523451
20260305,0.9866278658848189,1.2219152628618122,0.718733877730501
20260306,0.9923181725384984,1.2273839320667377,0.7242025469354264
20260309,0.9923181725384984,1.2273839320667377,0.7242025469354264
20260310,0.9688527181891918,1.211144853834144,0.7079634687028329
20260311,0.9605647381655168,1.2054092241722958,0.7022278390409844
20260312,0.9605647381655168,1.2054092241722958,0.7022278390409844
20260313,0.9605647381655168,1.2054092241722958,0.7022278390409844
20260316,0.9605647381655168,1.2054092241722958,0.7022278390409844
20260317,0.9605647381655168,1.2054092241722958,0.7022278390409844
20260318,0.9605647381655168,1.2054092241722958,0.7022278390409844
20260319,0.9605647381655168,1.2054092241722958,0.7022278390409844
20260320,0.9570752884294975,1.2039701647856111,0.7007887796543
20260323,0.969588142543269,1.2091305028127692,0.705949117681458
20260324,0.9687425909899908,1.2087817948525683,0.7056004097212571
20260325,0.9655779768016691,1.2074766986060368,0.7042953134747255
20260326,0.9286932840258544,1.1922653422663514,0.68908395713504
20260327,0.9084771056922066,1.1839281305582634,0.6807467454269521
20260330,0.890474277930968,1.1765037111693688,0.6733223260380574
20260331,0.899206058865012,1.1801047234395565,0.6769233383082451
20260401,0.9271825331934176,1.191642304156956,0.6884609190256447
20260402,0.8965064524901811,1.1789913977899698,0.6758100126586586
20260403,0.8851574927582083,1.174311053246583,0.6711296681152719
20260407,0.888451486396095,1.1756695059605882,0.672488120829277
20260408,0.9018004506954458,1.1811746582999973,0.6779932731686862
20260409,0.8950184075845308,1.1783777236719046,0.6751963385405935
20260410,0.9037413664121652,1.181975097679329,0.6787937125480179
20260413,0.8983600014993267,1.1797558068808236,0.6765744217495124
20260414,0.8973751776350748,1.179349662607859,0.6761682774765476
20260415,0.886398119686188,1.174822691459237,0.6716413063279258
20260416,0.8659775556801714,1.166401190495657,0.6632198053643459
20260417,0.8637706997143041,1.1654910765714013,0.6607115920633584
20260420,0.8636075601255464,1.1654237973227224,0.6607115920633584
20260421,0.8800248834851474,1.172194350009296,0.6607115920633584
20260422,0.8801924971691286,1.1722634743880713,0.6607115920633584
20260423,0.8769523795279343,1.170927240294371,0.6607115920633584
20260424,0.8707005697935375,1.1683489754782361,0.6607115920633584
20260427,0.8727500457835163,1.1691941854351873,0.6607115920633584
20260428,0.860811981750322,1.16427089253646,0.6607115920633584
20260429,0.8702652965551584,1.168169467507969,0.6607115920633584
20260430,0.8764950891582654,1.1707386523940726,0.6607115920633584
20260506,0.8730354474513411,1.1693118859267058,0.6607115920633584
20260507,0.8941899875889701,1.178036080816751,0.6607115920633584
20260508,0.8999812050635267,1.1804243960233198,0.6607115920633584
20260511,0.8999812050635267,1.1804243960233198,0.6607115920633584
20260512,0.8999812050635267,1.1804243960233198,0.6607115920633584
20260513,0.8999812050635267,1.1804243960233198,0.6607115920633584
20260514,0.8999812050635267,1.1804243960233198,0.6607115920633584
20260515,0.8999812050635267,1.1804243960233198,0.6607115920633584
20260518,0.8999812050635267,1.1804243960233198,0.6607115920633584
20260519,0.8999812050635267,1.1804243960233198,0.6607115920633584
20260520,0.8999812050635267,1.1804243960233198,0.6607115920633584
20260521,0.8999812050635267,1.1804243960233198,0.6607115920633584
20260522,0.8999812050635267,1.1804243960233198,0.6607115920633584
20260525,0.8999812050635267,1.1804243960233198,0.6607115920633584
20260526,0.8999812050635267,1.1804243960233198,0.6607115920633584
20260527,0.8999812050635267,1.1804243960233198,0.6607115920633584
20260528,0.8999812050635267,1.1804243960233198,0.6607115920633584
20260529,0.8999812050635267,1.1804243960233198,0.6607115920633584
20260601,0.8999812050635267,1.1804243960233198,0.6607115920633584
20260602,0.8999812050635267,1.1804243960233198,0.6607115920633584
20260603,0.8999812050635267,1.1804243960233198,0.6607115920633584
20260604,0.8999812050635267,1.1804243960233198,0.6607115920633584
20260605,0.8999812050635267,1.1804243960233198,0.6607115920633584
20260608,0.8999812050635267,1.1804243960233198,0.6607115920633584
20260609,0.8933563748083372,1.1773238137707094,0.6576110098107479
20260610,0.8795558576521153,1.1708648349103974,0.6511520309504358
20260611,0.8676705004122348,1.1653021976345155,0.645589393674554
20260612,0.8591406619211394,1.1613100250316921,0.6415972210717307
20260615,0.9272226625513199,1.1931740630137644,0.673461259053803
20260616,0.9226751264679651,1.1910457051343895,0.671332901174428
20260617,0.9226751264679651,1.1910457051343895,0.671332901174428
20260618,0.9226751264679651,1.1910457051343895,0.671332901174428
20260622,0.9226751264679651,1.1910457051343895,0.671332901174428
20260623,0.9226751264679651,1.1910457051343895,0.671332901174428
20260624,0.9226751264679651,1.1910457051343895,0.671332901174428
20260625,0.9226751264679651,1.1910457051343895,0.671332901174428
20260626,0.9226751264679651,1.1910457051343895,0.671332901174428
20260629,0.9226751264679651,1.1910457051343895,0.671332901174428
20260630,0.9226751264679651,1.1910457051343895,0.671332901174428
20260701,0.9226751264679651,1.1910457051343895,0.671332901174428
20260702,0.9226751264679651,1.1910457051343895,0.671332901174428
20260703,0.9226751264679651,1.1910457051343895,0.671332901174428
20260706,0.9226751264679651,1.1910457051343895,0.671332901174428
20260707,0.9226751264679651,1.1910457051343895,0.671332901174428
20260708,0.9226751264679651,1.1910457051343895,0.671332901174428
20260709,0.9226751264679651,1.1910457051343895,0.671332901174428
20260710,0.9226751264679651,1.1910457051343895,0.671332901174428
20260713,0.9226751264679651,1.1910457051343895,0.671332901174428
20260714,0.9226751264679651,1.1910457051343895,0.671332901174428
20260715,0.9226751264679651,1.1910457051343895,0.671332901174428
20260716,0.9226751264679651,1.1910457051343895,0.671332901174428
20260717,0.9226751264679651,1.1910457051343895,0.671332901174428
20260720,0.9226751264679651,1.1910457051343895,0.671332901174428
20260721,0.9226751264679651,1.1910457051343895,0.671332901174428
20260722,0.9226751264679651,1.1910457051343895,0.671332901174428
20260723,0.9226751264679651,1.1910457051343895,0.671332901174428
20260724,0.9226751264679651,1.1910457051343895,0.671332901174428
20260727,0.9226751264679651,1.1910457051343895,0.671332901174428
20260728,0.9226751264679651,1.1910457051343895,0.671332901174428
20260729,0.9226751264679651,1.1910457051343895,0.671332901174428
20260730,0.9226751264679651,1.1910457051343895,0.671332901174428
20260731,0.9226751264679651,1.1910457051343895,0.671332901174428
20260803,0.9226751264679651,1.1910457051343895,0.671332901174428
20260804,0.9158007931086166,1.1860841620992857,0.6663713581393242
20260805,0.9091238885215831,1.181265113077638,0.6615523091176765
20260806,0.8938634564523065,1.1702509119197864,0.6505381079598249
20260807,0.8841010840809688,1.163204929696764,0.6434921257368024
20260810,0.8981068453698017,1.1733135735086666,0.6536007695487052
20260811,0.9106691373363577,1.1823803948211427,0.6626675908611812
20260812,0.9049201228816928,1.1782310495486352,0.6585182455886737
20260813,0.9057468697979267,1.1788277532855083,0.6591149493255467
20260814,0.9149363737466839,1.1854602683134579,0.6657474643534964
20260817,0.9107075797987179,1.1824081406288314,0.6626953366688697
20260818,0.9057383887830152,1.1788216321217144,0.659108828161753
20260819,0.9034658204311516,1.1771814082500205,0.657468604290059
20260820,0.9053763785225389,1.1785603515883722,0.6588475476284108
20260821,0.9174877684570154,1.1873017348227348,0.6675889308627734
20260824,0.9178091929883249,1.1875337226477742,0.6678209186878127
20260825,0.9178091929883249,1.1875337226477742,0.6678209186878127
20260826,0.9178091929883249,1.1875337226477742,0.6678209186878127
20260827,0.9178091929883249,1.1875337226477742,0.6678209186878127
20260828,0.9178091929883249,1.1875337226477742,0.6678209186878127
20260831,0.9178091929883249,1.1875337226477742,0.6678209186878127
20260901,0.9178091929883249,1.1875337226477742,0.6678209186878127
20260902,0.9124056611655605,1.1835866371026011,0.6638738331426396
20260903,0.941444484211547,1.20479845234736,0.6850856483873985
20260904,0.933834231273006,1.199239436438121,0.6795266324781595
20260907,0.933834231273006,1.199239436438121,0.6795266324781595
20260908,0.9373471086235823,1.2018345583830676,0.682121754423106
20260909,0.932137147177297,1.1979857233876292,0.6782729194276678
20260910,0.929067431574641,1.1957179851405508,0.6760051811805894
20260911,0.9374863496542634,1.2019374220524461,0.6822246180924847
